segment_num,participant,pilot_mean,group_mean
1,sub_01,0.42483037252129185,0.2910199811729076
1,sub_02,0.2999254318773035,0.29963411501042403
1,sub_03,-0.49742108583607353,0.3546235300251397
1,sub_04,0.4160492704686219,0.29162557441791936
1,sub_05,0.3691724760340546,0.2948584567927171
1,sub_06,0.17025832095838148,0.3085766743841429
1,sub_07,0.38363133193763227,0.2938612943166083
1,sub_08,0.22223971652428,0.30499175055201194
1,sub_09,0.4726813708678933,0.28771991232141786
1,sub_10,0.33327566094596806,0.29733409921258513
1,sub_12,0.28848668098578095,0.30042299438225323
1,sub_13,0.5144681845916064,0.2848380630990928
1,sub_14,0.501382441388011,0.2857405281476167
1,sub_15,0.45014413526506103,0.28927420443195806
1,sub_16,0.3850639132325136,0.2937624956066165
1,sub_17,0.33335546068984007,0.2973285957819733
1,sub_18,0.3944622464613229,0.29311433469428483
1,sub_19,-0.03337535813347528,0.32262037639047775
1,sub_20,0.30676516750771,0.29916240910487885
1,sub_21,0.09506487140718686,0.3137624295256045
1,sub_22,0.02486458668969153,0.3186038284716387
1,sub_23,0.4697908656206265,0.28791925751088454
1,sub_24,0.2711423598478271,0.3016191544607328
1,sub_25,0.49257007679156317,0.2863482774301303
1,sub_26,0.2938988596890927,0.30004974067857654
1,sub_27,0.30327153881875957,0.2994033490144616
1,sub_28,0.4221745112594677,0.2912031440185507
1,sub_29,0.42569022120467503,0.2909606812637088
1,sub_30,0.4443367580868639,0.2896747132028682
1,sub_31,0.31909973900848115,0.29831174900137736
1,sub_32,-0.008059927655053586,0.3208744846333453
2,sub_01,0.48664157621840864,0.4039191534760747
2,sub_02,0.6008379222317775,0.3960435434061872
2,sub_03,0.15178516495023534,0.4270126990807763
2,sub_04,-0.6886455873749956,0.48497344062044745
2,sub_05,0.5616453546057723,0.3987464791045324
2,sub_06,0.508683637251543,0.4023990113358586
2,sub_07,0.3353042151472776,0.4143562128602907
2,sub_08,0.6060951599728358,0.39568097528611423
2,sub_09,0.5829377778622783,0.39727803612132506
2,sub_10,0.5142106869175186,0.40201783549682574
2,sub_12,-0.05271666808535437,0.4411162737728859
2,sub_13,0.5627075517970326,0.3986732241258248
2,sub_14,0.5628643968131107,0.3986624072281642
2,sub_15,0.6043811067524796,0.3957991858530353
2,sub_16,0.4775754147132799,0.40454440599366975
2,sub_17,0.6207924181462976,0.39466737127415136
2,sub_18,0.4670983189297445,0.4052669643235688
2,sub_19,0.3035221527812833,0.4165480792303592
2,sub_20,0.5595695676621678,0.39888963682478096
2,sub_21,0.11418192840903786,0.4296060257387899
2,sub_22,0.3308444877157225,0.41466378026936346
2,sub_23,0.5208171374423807,0.40156221821924903
2,sub_24,0.4928786162276452,0.40348901278578253
2,sub_25,0.5567655121133069,0.3990830199660817
2,sub_26,0.5417831760647472,0.40011628452115483
2,sub_27,0.6067498507813548,0.39563582419587146
2,sub_28,0.47586486385523746,0.40466237501836233
2,sub_29,0.4747034516149043,0.40474247241424743
2,sub_30,0.2972367946771833,0.4169815522030557
2,sub_31,0.23972889190620023,0.4209476144631235
2,sub_32,0.27009372514257024,0.4188534880330291
3,sub_01,0.6106501570346946,0.5462862341783823
3,sub_02,0.6559428060434196,0.5431626032122633
3,sub_03,-0.6522699094458049,0.6333841697977269
3,sub_04,0.08398474319054494,0.5826079868572891
3,sub_05,0.7111036260930405,0.5393584087260825
3,sub_06,0.34482666190775646,0.5646188890147228
3,sub_07,0.47188787519192343,0.555856046719263
3,sub_08,0.636936066320511,0.5444734128483258
3,sub_09,0.70373171376643,0.5398668164727454
3,sub_10,0.5564299095448277,0.5500255615914765
3,sub_12,0.6229918081415812,0.5454350858261832
3,sub_13,0.6003668362244057,0.5469954287170229
3,sub_14,0.7058741122650051,0.5397190648521539
3,sub_15,0.7005631209010459,0.5400853401186338
3,sub_16,0.6118887808960534,0.5462008118431161
3,sub_17,0.6983112351597913,0.540240642583548
3,sub_18,0.5326584813885665,0.5516649704298393
3,sub_19,0.6990051552369126,0.540192786026505
3,sub_20,0.6408388300410196,0.5442042567296701
3,sub_21,0.5472606308704099,0.5506579256379881
3,sub_22,0.3649777287669079,0.5632291602658157
3,sub_23,0.6805032035091038,0.5414687826973885
3,sub_24,0.6279017246071021,0.5450964708975266
3,sub_25,0.632716264575227,0.5447644336583456
3,sub_26,0.6356158632463264,0.5445644613362007
3,sub_27,0.5251568563512993,0.5521823238806853
3,sub_28,0.5988550003667064,0.547099693258933
3,sub_29,0.713223175142032,0.5392122329296003
3,sub_30,0.5964128235409828,0.5472681192469141
3,sub_31,0.6280539122434071,0.5450859751984709
3,sub_32,0.5772019121212437,0.5485930096896545
4,sub_01,0.3318052253747689,0.1356031379512258
4,sub_02,-0.0007452814287249791,0.15853765566181163
4,sub_03,-0.3792598068012026,0.18464210568749972
4,sub_04,-0.3886393362347928,0.185288969786368
4,sub_05,0.3190135510274695,0.13648532238897063
4,sub_06,0.20276329784963049,0.14450258122882156
4,sub_07,0.22565512281238717,0.14292383467966593
4,sub_08,0.32907431435828155,0.13579147664201804
4,sub_09,0.3246623049007569,0.13609575315633007
4,sub_10,0.1494071859094296,0.14818231308676647
4,sub_12,0.1914761262404697,0.14528100685703954
4,sub_13,0.1538044583583572,0.14787905291787487
4,sub_14,0.24072963146703116,0.14188421339313875
4,sub_15,0.3068856341761499,0.13732173044768228
4,sub_16,0.26569818269713763,0.14016224434278657
4,sub_17,0.267744647455262,0.1400211088422263
4,sub_18,0.30291763456774234,0.1375953855930897
4,sub_19,0.032436089735179176,0.15624928523671475
4,sub_20,0.20134720176069734,0.14460024302805832
4,sub_21,-0.2941269589000641,0.178770874797766
4,sub_22,-0.07933952867130789,0.16395794857509316
4,sub_23,0.35103185328343683,0.13427716361269698
4,sub_24,-0.35192514161042976,0.1827569563639981
4,sub_25,0.3232380593758319,0.13619397698563526
4,sub_26,0.2624744801020205,0.1403845686596912
4,sub_27,0.1779999866841237,0.14621039579195996
4,sub_28,0.2151084084994177,0.14365119428745693
4,sub_29,0.2704371539484374,0.13983541873924865
4,sub_30,0.14486246390513086,0.14849574219051118
4,sub_31,0.2882434751221903,0.13860739658933469
4,sub_32,0.21132101537026848,0.14391239381360516
5,sub_01,0.493558327891791,0.48363920042579256
5,sub_02,0.6308190058542219,0.47417294677321103
5,sub_03,-0.12520096802894737,0.526312255316878
5,sub_04,0.6873431501676712,0.4702747299240077
5,sub_05,0.529675306095237,0.4811483743427963
5,sub_06,0.38848492942396273,0.4908856416994359
5,sub_07,0.5101615788100224,0.4824941486383283
5,sub_08,0.6629429304868304,0.4719575036951002
5,sub_09,0.6451679827499108,0.47318336215971535
5,sub_10,0.6240259613447365,0.4746414326014514
5,sub_12,0.506064406046024,0.4827767122772248
5,sub_13,0.5994645086143695,0.4763353258932009
5,sub_14,0.5047276950364243,0.482868899243404
5,sub_15,0.6576264547027203,0.47232415719745263
5,sub_16,0.5183602488932134,0.4819287231153496
5,sub_17,0.6362666541976518,0.4737972468874573
5,sub_18,0.38150357431554816,0.4913671144655335
5,sub_19,0.5517442887231956,0.4796263755408681
5,sub_20,0.5125994554065969,0.4823260192178749
5,sub_21,0.4362964038425387,0.4875882986360857
5,sub_22,-0.14921769760164647,0.5279685814943055
5,sub_23,0.5533301338250213,0.47951700691315596
5,sub_24,0.4641714783321025,0.485665879705771
5,sub_25,0.536321113615471,0.4806900427896767
5,sub_26,0.4857539066875593,0.484177436370912
5,sub_27,0.6274866117851177,0.474402767053839
5,sub_28,0.5796296454948734,0.477703247487649
5,sub_29,0.510995715520808,0.4824366219686189
5,sub_30,0.3336979193914582,0.4946640561844362
5,sub_31,0.4635311708240167,0.48571003884425973
5,sub_32,0.25532157568306457,0.5000693212677737
6,sub_01,0.31042753948963764,0.2553856071440376
6,sub_02,0.45321833191067806,0.24553796628741412
6,sub_03,-0.4093511847679832,0.30502551916180454
6,sub_04,0.28775532307327023,0.2569492082762008
6,sub_05,0.4114903834975104,0.24841575583314982
6,sub_06,0.26504854385398363,0.25851519304994475
6,sub_07,0.2503955699145603,0.25952574297680153
6,sub_08,0.3950333733348946,0.24955072205126125
6,sub_09,0.34263197010324603,0.25316461192930595
6,sub_10,0.21569844256115223,0.26191864831151934
6,sub_12,0.41272523690225105,0.24833059352937462
6,sub_13,0.4346671140363238,0.24681736062357648
6,sub_14,0.3970543158572614,0.24941134670489112
6,sub_15,0.43816542041992224,0.2465760981143628
6,sub_16,0.26857813047615653,0.2582717732828984
6,sub_17,0.19177807114608705,0.26356832909876526
6,sub_18,0.37355863922039156,0.251031738197089
6,sub_19,0.20881908303315608,0.262393086899657
6,sub_20,0.3525161269347224,0.2524829459409283
6,sub_21,0.18539808962970136,0.2640083278240332
6,sub_22,-0.2910014120681437,0.29686346587216045
6,sub_23,0.37333041250044824,0.2510474779708783
6,sub_24,-0.21416562515324877,0.2915644460849263
6,sub_25,0.36357414280140843,0.25172032415701895
6,sub_26,0.24647603675908875,0.2597960556082134
6,sub_27,0.3621316771053281,0.25181980454985203
6,sub_28,0.41951839828160054,0.2478620996411436
6,sub_29,0.40794599767381606,0.24866019623478391
6,sub_30,0.2811107170519834,0.2574074569673241
6,sub_31,0.24353753491497834,0.2599987109078072
6,sub_32,0.04897128566218287,0.2734170729252414
7,sub_01,0.5695340785272709,0.47216243618041515
7,sub_02,0.5942825686380153,0.4704556437589845
7,sub_03,-0.5575818154969735,0.5498945668027768
7,sub_04,0.5661348772334951,0.472396863855848
7,sub_05,0.4625508604086314,0.47954058915411446
7,sub_06,0.3722741162228793,0.4857665715117525
7,sub_07,0.3501302481565879,0.48729373482666916
7,sub_08,0.5807912908807251,0.4713860767077632
7,sub_09,0.5755141677889071,0.47175001623133683
7,sub_10,0.6436338946226939,0.46705210403590325
7,sub_12,0.6659676004699264,0.465511848460232
7,sub_13,0.4381481850593277,0.48122353228165266
7,sub_14,0.5861614959687207,0.47101571773617723
7,sub_15,0.5919214425230325,0.4706184800427765
7,sub_16,0.4967464168393478,0.4771822749175133
7,sub_17,0.42826737011460364,0.4819049677950819
7,sub_18,0.5982794549884195,0.4701799964244739
7,sub_19,0.5889788698398114,0.47082141608989514
7,sub_20,0.6129246225879122,0.46916998486588823
7,sub_21,0.07133376964325348,0.5065210781724163
7,sub_22,0.44449622586028176,0.48078573636434546
7,sub_23,0.500631687666306,0.47691432520530935
7,sub_24,0.3647656608931419,0.4862843960172517
7,sub_25,0.6623727257849699,0.46575977085229797
7,sub_26,0.40577869562388824,0.48345591086340706
7,sub_27,0.6191167200322859,0.4687429436628279
7,sub_28,0.5772797955970161,0.4716282487962948
7,sub_29,0.4680884443424123,0.47915868681385376
7,sub_30,0.6248509207711394,0.468347481542907
7,sub_31,0.5193891816577606,0.47562070493003655
7,sub_32,0.409015233040793,0.48323270138637914
8,sub_01,-0.0911791445030947,0.0770676421421664
8,sub_02,0.04993730315622365,0.06733547333807548
8,sub_03,0.0807828294299088,0.06520819566402823
8,sub_04,-0.13422076215933254,0.08003602956673453
8,sub_05,0.14623868205373783,0.060693998931350364
8,sub_06,0.12211722131396295,0.06235754794788656
8,sub_07,-0.10362245786501943,0.07792580168436809
8,sub_08,0.07190491571824145,0.06582046557517769
8,sub_09,0.11673929521826489,0.06272843940276228
8,sub_10,0.12314312561170784,0.06228679592735244
8,sub_12,-6.720878294713314e-05,0.07078406036836313
8,sub_13,0.1419702882085174,0.06098837092067591
8,sub_14,0.16485739011170672,0.05940995009976631
8,sub_15,0.06616680500012555,0.06621619734884086
8,sub_16,0.1860431002334815,0.05794886664309219
8,sub_17,0.026135029129499145,0.0689770094778496
8,sub_18,0.014772584771099669,0.06976062633015301
8,sub_19,0.1470400634339814,0.06063873124995425
8,sub_20,0.09725306272176451,0.06407231750596923
8,sub_21,0.11040041716759799,0.06316560340625657
8,sub_22,0.09901158543909741,0.06395104007718765
8,sub_23,0.16601001622109052,0.05933045864394673
8,sub_24,0.15618113830586028,0.06000831229327296
8,sub_25,-0.01532986712929237,0.07183665749569729
8,sub_26,-0.0019777513709409783,0.07091582192615581
8,sub_27,0.015386598948574682,0.0697182805248099
8,sub_28,0.16887647398960837,0.059132771901290335
8,sub_29,-0.04388221766173527,0.07380578511862437
8,sub_30,0.08366182822313513,0.06500964402311608
8,sub_31,-0.03887075523826373,0.07346016702045391
8,sub_32,0.1271237434200749,0.06201227056125816
9,sub_01,0.759314053667374,0.6429896034580457
9,sub_02,0.6939683492626237,0.6474962037618216
9,sub_03,-0.6285628892888359,0.7387052546964051
9,sub_04,0.7639320774716091,0.6426711190577536
9,sub_05,0.7558200133654494,0.6432305717547303
9,sub_06,0.6761841375003945,0.6487227011247341
9,sub_07,0.633059909914314,0.651696785785843
9,sub_08,0.6902876073112443,0.6477500480343307
9,sub_09,0.6361715135431879,0.6514821924321276
9,sub_10,0.692735847535712,0.6475812038809191
9,sub_12,0.7673210627918683,0.6424373959322186
9,sub_13,0.7203043426511258,0.6456799283557181
9,sub_14,0.7615043785777171,0.6428385465676772
9,sub_15,0.768528213177063,0.6423541441815156
9,sub_16,0.7290835678602338,0.6450744645481935
9,sub_17,0.6680142422196872,0.649286142178576
9,sub_18,0.7323623129676485,0.6448483441959579
9,sub_19,0.596037051469476,0.6542500863682457
9,sub_20,0.7747591298609446,0.6419244257895239
9,sub_21,0.3248135888178032,0.6729551527580163
9,sub_22,0.6375274603043728,0.6513886788623908
9,sub_23,0.7584593166619841,0.6430485508377279
9,sub_24,0.7287545783343946,0.6450971534810098
9,sub_25,0.722876963789378,0.6455025062082526
9,sub_26,0.6746226977891602,0.6488303866220605
9,sub_27,0.7816081719599631,0.641452078058557
9,sub_28,0.7224444873870194,0.6455323321670356
9,sub_29,0.6821751205941844,0.6483095298768865
9,sub_30,0.6612379406134636,0.6497534733238327
9,sub_31,0.6624274212182502,0.6496714401786751
9,sub_32,0.6175539382892659,0.6527661631392946
10,sub_01,0.10337076147303861,0.04628287340856528
10,sub_02,0.0535160855043024,0.049721126923650535
10,sub_03,-0.16425935364477592,0.06474012272703526
10,sub_04,0.1338834273343292,0.044178551625028
10,sub_05,0.09945165297329012,0.04655315675337553
10,sub_06,0.022643349122824206,0.05185028115685593
10,sub_07,0.12998657348079481,0.04444730016665107
10,sub_08,-0.00787891952409779,0.05395526520147125
10,sub_09,0.10304835898407667,0.04630510806297646
10,sub_10,0.06011743217222703,0.049265861636207456
10,sub_12,0.029393499515307328,0.051384753543581234
10,sub_13,0.13994856001487566,0.04376026661257653
10,sub_14,0.140792163373133,0.04370208707062773
10,sub_15,0.09303007496514008,0.04699602420221345
10,sub_16,0.09524620064624122,0.04684318794834442
10,sub_17,0.053445513117683335,0.049725993984796685
10,sub_18,0.06848604959002515,0.0486887156073938
10,sub_19,-0.025668693558852526,0.05518214616938535
10,sub_20,-0.0255821937093747,0.05517618066252482
10,sub_21,-0.06818283077489115,0.058114155632560435
10,sub_22,-0.12833598445864094,0.062262648990060426
10,sub_23,0.077513572553326,0.04806612781682132
10,sub_24,0.03478508211192661,0.05101292026105577
10,sub_25,0.002857768311944458,0.05321480397139937
10,sub_26,0.08301528899846791,0.04768669909646671
10,sub_27,0.08305309544510257,0.04768409175531949
10,sub_28,0.021646619312271697,0.051919021143790586
10,sub_29,0.13641172846430719,0.04400418602985711
10,sub_30,0.11702729414409214,0.04534104356918229
10,sub_31,0.0857361686622215,0.047499052223104396
10,sub_32,0.00044650719415457546,0.053381097841591764
11,sub_01,0.3987038731713052,0.2411559618722726
11,sub_02,0.15128702586166418,0.25821919272121335
11,sub_03,-0.41732164916887826,0.2974335841026301
11,sub_04,0.3803867639637802,0.24241921078313636
11,sub_05,0.40228877595836476,0.24090872719730297
11,sub_06,0.05593129500563751,0.264795450021629
11,sub_07,0.12387664853299367,0.2601095635714665
11,sub_08,0.3139438940327893,0.24700147767492886
11,sub_09,0.3011613523088377,0.2478830322765807
11,sub_10,0.2792940948477623,0.24939111899803418
11,sub_12,0.3741392720331438,0.2428500722955941
11,sub_13,0.38149798781494726,0.24234257465546968
11,sub_14,0.1891222021240612,0.25560987022035836
11,sub_15,0.33043567808943114,0.24586411325722943
11,sub_16,0.3698133941938172,0.24314840869830626
11,sub_17,0.34442885996146605,0.24489906623157184
11,sub_18,0.3247812380814733,0.24625407463708862
11,sub_19,0.18761213927781695,0.25571401248561665
11,sub_20,0.3060982905452398,0.2475425537775185
11,sub_21,-0.11302389132263893,0.2764475318373722
11,sub_22,0.2093019873010493,0.2542181608978075
11,sub_23,0.38060538528802873,0.2424041334504296
11,sub_24,0.3262822877177197,0.24615055397251992
11,sub_25,0.28902354567116084,0.24872012238952396
11,sub_26,0.3418434976870068,0.2450773670780863
11,sub_27,0.26505251325571955,0.25037329703886474
11,sub_28,0.22638565666288038,0.2530399768038881
11,sub_29,0.34090732248743316,0.24514193088495345
11,sub_30,0.18537529613578577,0.25586827752989466
11,sub_31,0.2479466956461873,0.25155300859814284
11,sub_32,0.2937492074725306,0.24839421467908465
12,sub_01,0.11263874332099374,0.24208402663121875
12,sub_02,0.3930489854940499,0.22274538923997356
12,sub_03,0.19685019360808167,0.23627634040452303
12,sub_04,-0.2935843457003072,0.27009941208096366
12,sub_05,0.20842590240086314,0.23547801566019333
12,sub_06,0.20667336274124887,0.23559888046430463
12,sub_07,0.2364365263690829,0.23354624848997124
12,sub_08,0.29748581933004214,0.2293359524236982
12,sub_09,0.10873431684246532,0.24235329742284145
12,sub_10,0.4152707961857053,0.2212128505715835
12,sub_12,0.3587598408325196,0.22511015783732047
12,sub_13,0.20359259030495938,0.2358113475288763
12,sub_14,0.2830340300951049,0.23033262754334904
12,sub_15,0.3433119790256869,0.22617552761710202
12,sub_16,0.2297942668496426,0.23400433535338094
12,sub_17,0.16574921875011822,0.23842123522231362
12,sub_18,0.4175327450105837,0.2210568541009022
12,sub_19,0.1445470377123839,0.23988345460422633
12,sub_20,0.368027686776811,0.22447099604805895
12,sub_21,0.302524436983394,0.22898846155105324
12,sub_22,0.34886077005697774,0.2257928523735647
12,sub_23,0.3268703423387071,0.2273094335955144
12,sub_24,0.2800010993920015,0.2305417951780458
12,sub_25,0.1817631689392379,0.23731682486444333
12,sub_26,-0.21563062935187463,0.26472329371210623
12,sub_27,-0.09323080331391058,0.2562819263991432
12,sub_28,0.4334467296066474,0.21995933792186334
12,sub_29,0.13395621702245475,0.24061385603111798
12,sub_30,0.42180043314191196,0.22076253078150027
12,sub_31,0.37488055594414366,0.2239983843813464
12,sub_32,0.3541422422376048,0.22542861291283178
13,sub_01,0.22725519759922888,0.2825034084411053
13,sub_02,0.4512256612571964,0.26705716956814196
13,sub_03,0.04247987012483642,0.295246534473822
13,sub_04,0.18253839436038072,0.2855873259058534
13,sub_05,0.2864910852350044,0.27841817481105174
13,sub_06,0.2977155996259853,0.2776440703702944
13,sub_07,0.012209498236426837,0.2973341463281951
13,sub_08,0.42786078276910455,0.2686685404983552
13,sub_09,0.44588827858905933,0.2674252649245652
13,sub_10,0.42974843314503064,0.2685383577138086
13,sub_12,0.2872776828738212,0.27836392669802995
13,sub_13,0.45069589819829603,0.2670937049515144
13,sub_14,0.23551653593750152,0.28193366096950023
13,sub_15,0.4234646447982364,0.2689717224273806
13,sub_16,0.3626208343923585,0.2731678472829584
13,sub_17,0.17794059027637765,0.28590441584268117
13,sub_18,0.37583094973635,0.27225680484544174
13,sub_19,0.1764702160856383,0.2860058209592839
13,sub_20,0.32592679480018444,0.2756984707031083
13,sub_21,-0.13452068689731558,0.307453469440867
13,sub_22,0.32002252889049776,0.27610566145550053
13,sub_23,0.45453229372245857,0.26682912594984803
13,sub_24,0.2234880843277283,0.28276320935638116
13,sub_25,0.46680351602074743,0.2659828347568626
13,sub_26,0.057678061085644536,0.2941983833730766
13,sub_27,0.2684664747974837,0.2796612513929498
13,sub_28,0.2669199301326927,0.2797679096456939
13,sub_29,0.14671853098383553,0.28805766131113236
13,sub_30,0.3728329186635413,0.2724635656090837
13,sub_31,0.3550416605788841,0.27369054892526695
13,sub_32,0.22996897964329407,0.2823162510587559
14,sub_01,0.25767084138308094,0.14783996330031535
14,sub_02,0.23767161563025646,0.149219220248786
14,sub_03,-0.27544558226471366,0.1846066132070598
14,sub_04,0.23193745535301258,0.1496146795782511
14,sub_05,0.19873269269259278,0.15190466321000418
14,sub_06,0.14895994098514664,0.15533726677603496
14,sub_07,0.013012345318432539,0.16471296302891175
14,sub_08,0.17239656719270208,0.15372094772723804
14,sub_09,0.19292927181850228,0.15230489913235523
14,sub_10,0.11584055312249143,0.15762136249070083
14,sub_12,0.24427587040817536,0.14876375440203296
14,sub_13,0.2585381846788227,0.14778014652129867
14,sub_14,0.008579410379327967,0.16501868267988454
14,sub_15,0.29322888175294715,0.14538768465411767
14,sub_16,0.23612052882728304,0.14932619175243933
14,sub_17,0.2571648626063886,0.14787485838836306
14,sub_18,0.24448206746046358,0.14874953391566828
14,sub_19,0.18388334014508445,0.15292875648914267
14,sub_20,0.05475317170132777,0.16183428534733282
14,sub_21,0.009505621436963539,0.16495480605522
14,sub_22,0.12159468110099529,0.15722452607839021
14,sub_23,0.22294978014872713,0.15023451924751213
14,sub_24,0.16374822277276366,0.1543173852734407
14,sub_25,0.13610343037925304,0.15622392267988966
14,sub_26,0.19344865558271065,0.15226907956240984
14,sub_27,0.24618176926350796,0.1486323131016652
14,sub_28,0.14826118123604476,0.15538545710355922
14,sub_29,0.23032578528603329,0.14972582923804278
14,sub_30,0.0053496409232308495,0.16524142540099465
14,sub_31,0.19499341836499973,0.152162544198114
14,sub_32,0.05550641278875216,0.1617823376861311
15,sub_01,0.12900233383780085,0.19245092272180472
15,sub_02,0.3352209254799939,0.1782289508844121
15,sub_03,-0.3842284990207587,0.22784615257411917
15,sub_04,0.35126657190449756,0.17712235457927392
15,sub_05,0.2911615576410274,0.1812675279767546
15,sub_06,0.12445497196822614,0.1927645338852237
15,sub_07,0.23756429195996268,0.18496389112717287
15,sub_08,0.38795383454384985,0.17459219853518065
15,sub_09,0.38242899237982847,0.17497322213269936
15,sub_10,-0.2821595141713562,0.2208069122396776
15,sub_12,0.30810684117793385,0.18009888773283006
15,sub_13,0.3867735643908113,0.17467359647676955
15,sub_14,0.10914425424600004,0.19382044545227375
15,sub_15,0.3563067759296853,0.17677475430167475
15,sub_16,-0.006211421535316407,0.20177600929926107
15,sub_17,0.36306665159730317,0.17630855597977008
15,sub_18,0.17469423656668182,0.18929975701636464
15,sub_19,0.04122396706284836,0.1985046031890428
15,sub_20,0.07713639005003452,0.19602788436234034
15,sub_21,0.05246806764509681,0.197729147976474
15,sub_22,-0.18362363953755853,0.2140113346787261
15,sub_23,-0.043808412599358554,0.2043689052347123
15,sub_24,0.3525443796607496,0.17703422990642895
15,sub_25,0.3792576735899445,0.17519193377338102
15,sub_26,0.19670642454948464,0.18778167508651622
15,sub_27,0.16537220805179678,0.1899426555346326
15,sub_28,0.34137930199744,0.17780423526251926
15,sub_29,0.3032274511247484,0.18043539739167042
15,sub_30,0.3285649912371236,0.17868798083219625
15,sub_31,0.2243910443006399,0.18587239096574684
15,sub_32,0.3396952105787779,0.17792037949828907
16,sub_01,0.17610652937365476,0.11552603883627115
16,sub_02,-0.08908090076641582,0.13381482712179324
16,sub_03,-0.11297292935139386,0.13546255323110207
16,sub_04,0.015065489234458586,0.12663231746656053
16,sub_05,0.24676640416061071,0.11065294402337762
16,sub_06,0.0610222366910316,0.12346288660748653
16,sub_07,0.1365573654782945,0.11825356738077876
16,sub_08,0.23071902283704493,0.11175965997672699
16,sub_09,0.19908839322653546,0.11394108270848628
16,sub_10,0.18228809873476243,0.11509972370791888
16,sub_12,0.11713833650843744,0.11959281075801026
16,sub_13,0.14725484607125294,0.11751581009850574
16,sub_14,0.052869888149270225,0.12402511754140111
16,sub_15,0.16857858605654158,0.11604520734089963
16,sub_16,0.21518762613112416,0.11283079078403187
16,sub_17,0.09580312649100621,0.12106420455231585
16,sub_18,0.2066216956440949,0.11342154461072355
16,sub_19,0.15680586142956165,0.11685711938413962
16,sub_20,0.13456823950169958,0.11839074848261288
16,sub_21,-0.1612648269567282,0.1387930289280217
16,sub_22,-0.047886651654564766,0.1309738444244242
16,sub_23,0.17520184177897205,0.11558843108418028
16,sub_24,0.002420253991349308,0.12750440265574048
16,sub_25,0.20683195907245447,0.11340704368462977
16,sub_26,0.16575113801550037,0.11624020375752316
16,sub_27,0.17584406996157922,0.11554413948537978
16,sub_28,0.09621658260932087,0.12103569033725968
16,sub_29,0.2285464479950851,0.11190949272444836
16,sub_30,0.22411841201796187,0.11221487451597409
16,sub_31,0.18261351922150001,0.11507728091573009
16,sub_32,0.11368752334517014,0.11983079787271837
17,sub_01,0.1108875515075336,0.04183059083053755
17,sub_02,0.00553909343072496,0.04909600173238643
17,sub_03,-0.12039985789493311,0.05778144665139733
17,sub_04,-0.012425392517798513,0.05033493179780184
17,sub_05,0.13026006490328793,0.04049455542393381
17,sub_06,0.0472554607616652,0.04621901088197675
17,sub_07,0.056857683960219854,0.045556788592421266
17,sub_08,0.0847506178901398,0.04363313797656471
17,sub_09,0.0730590100677317,0.04443945575742044
17,sub_10,0.021430179554227595,0.048000064758351765
17,sub_12,0.10229293089101495,0.04242332328684919
17,sub_13,0.014194337286148996,0.048499088363046845
17,sub_14,0.10062359114566961,0.04253845016583853
17,sub_15,0.07499035864650251,0.04430625930371212
17,sub_16,0.00046805892244709525,0.049445728250198696
17,sub_17,0.06780668860951057,0.04480168482350467
17,sub_18,0.1372891743678059,0.04000978925396706
17,sub_19,-0.028584903182977406,0.0514493808091935
17,sub_20,0.04948333339175403,0.04606536449369476
17,sub_21,0.0771110648558433,0.04416000370306793
17,sub_22,-0.06293438872762486,0.053818310846755375
17,sub_23,0.049822060628888484,0.04604200399458204
17,sub_24,-0.007904838756065454,0.05002316946940645
17,sub_25,0.14084883229707462,0.03976429560367266
17,sub_26,0.009815967759332488,0.04880104488213763
17,sub_27,0.05736020697671296,0.04552213183266311
17,sub_28,0.07920291795153757,0.04401573797233038
17,sub_29,0.05921013989953781,0.04539455025177864
17,sub_30,0.05536788629494389,0.045659533258992024
17,sub_31,0.01712628139255796,0.04829688532122554
17,sub_32,0.0440581247872424,0.04643951681124729
18,sub_01,0.40500240082323435,0.24675197905153606
18,sub_02,0.07926517224557077,0.269216615505168
18,sub_03,-0.44862668844541803,0.30562295072523626
18,sub_04,0.3303077989692344,0.25190333090353606
18,sub_05,0.42231605332958655,0.245557934051098
18,sub_06,0.18428642117911392,0.2619737707511306
18,sub_07,0.30528705129143,0.25362889970890184
18,sub_08,0.38062659222694034,0.24843306929955636
18,sub_09,-0.39258857179999784,0.30175825302555204
18,sub_10,0.34107354162683207,0.2511608658926673
18,sub_12,0.08188999831629716,0.26903559301753177
18,sub_13,0.3668844555281798,0.2493808028649881
18,sub_14,0.4338154950753197,0.2447648691031164
18,sub_15,0.32887034822236705,0.2520024654378028
18,sub_16,0.3333588588057956,0.2516929129837732
18,sub_17,0.3848778222310922,0.24813988102340792
18,sub_18,0.40619142778069534,0.24666997719240083
18,sub_19,0.3526415554633297,0.2503630718349778
18,sub_20,0.28065197063432606,0.2553278707887021
18,sub_21,0.15120348332731848,0.26425535267194405
18,sub_22,0.027962867349430907,0.2727547054980053
18,sub_23,0.23202200569744144,0.25868166147400457
18,sub_24,0.2614930835406582,0.25664917334688614
18,sub_25,0.3549663425139079,0.2502027416935586
18,sub_26,0.39582206150496824,0.24738510590107166
18,sub_27,0.32964781475722504,0.2519488470560884
18,sub_28,0.41566126986490837,0.24601688463486887
18,sub_29,0.340054869999289,0.2512311191083599
18,sub_30,0.34784875628148176,0.250693609709588
18,sub_31,0.3472439523716506,0.25073532032405904
18,sub_32,0.18575398342880584,0.2618725595614967
19,sub_01,0.16111880869491296,0.20363588290319629
19,sub_02,0.1870592634038085,0.20184688602672074
19,sub_03,-0.026380879581025304,0.21656689588774375
19,sub_04,-0.2659001652425058,0.23308546731267343
19,sub_05,0.3125471475402793,0.19319254918972273
19,sub_06,0.21855783281462993,0.19967457089493998
19,sub_07,0.2061003076688997,0.2005337105601627
19,sub_08,0.2888472322845324,0.1948270261039122
19,sub_09,0.3518215011836995,0.19048397307638343
19,sub_10,0.3326888317556251,0.19180346751969893
19,sub_12,0.34564183486045263,0.19091015696074526
19,sub_13,0.21130984432868288,0.20017443216983288
19,sub_14,0.2975702425201149,0.1942254391911134
19,sub_15,0.21007789362063697,0.20025939428762912
19,sub_16,0.19512338451161323,0.20129073974342387
19,sub_17,0.04559786426393957,0.211602844588091
19,sub_18,0.2697148980908387,0.19614649742761522
19,sub_19,0.2579650271983145,0.19695683335123756
19,sub_20,0.15284120652626673,0.20420675201827534
19,sub_21,0.32381783158621086,0.19241526063483094
19,sub_22,0.2463052634942961,0.19776095498599747
19,sub_23,0.26873588483790367,0.19621401558299006
19,sub_24,0.2780276650955705,0.19557320315142682
19,sub_25,0.2654203716147774,0.19644267166734355
19,sub_26,0.06886111719324889,0.20999848231710416
19,sub_27,0.1140381907446954,0.20688282207217684
19,sub_28,0.3211928862194199,0.192596291349782
19,sub_29,0.1684875729797291,0.20312769226286412
19,sub_30,0.10715276377102437,0.2073576791048438
19,sub_31,0.0734800072336996,0.20967993817638345
19,sub_32,0.23985659036822649,0.19820569106365743
20,sub_01,0.4505316236088274,0.43511767385581296
20,sub_02,0.5971668969291897,0.42500489638544314
20,sub_03,-0.09950720334407068,0.47305138605946107
20,sub_04,0.4192752510999577,0.4372732857529764
20,sub_05,0.5425125178782124,0.42877416390620016
20,sub_06,0.5419333356841236,0.4288141075057925
20,sub_07,0.38886174396441436,0.4393707690037035
20,sub_08,0.551306460011708,0.4281676851383729
20,sub_09,0.2929553689954255,0.4459850017601855
20,sub_10,0.5827015833274551,0.4260025042200456
20,sub_12,0.426279036665126,0.4367902660588268
20,sub_13,0.5696572311860437,0.4269021147125566
20,sub_14,0.6151110169731191,0.4237673708651722
20,sub_15,0.5620064080353059,0.4274297576884696
20,sub_16,0.5034844967867991,0.4314657515676769
20,sub_17,0.5300840641495758,0.42963129864610616
20,sub_18,0.43503742126532935,0.43618623953467484
20,sub_19,0.29029641304106435,0.44616837803290005
20,sub_20,0.4942046324354718,0.43210574221259607
20,sub_21,0.2833845975374293,0.4466450549641852
20,sub_22,-0.2023731304748519,0.4801455879305494
20,sub_23,0.5139978608574521,0.4307406919765974
20,sub_24,0.2777313322785006,0.44703493532687
20,sub_25,0.6054171164713142,0.42443591572736566
20,sub_26,0.3292771398873701,0.4434800520434996
20,sub_27,0.6033919918900371,0.4245755794915915
20,sub_28,0.44775127023918293,0.43530942236406434
20,sub_29,0.4969226851143666,0.4319182903037068
20,sub_30,0.6083369329417848,0.4242345490742297
20,sub_31,0.41362466749724447,0.4376629811738531
20,sub_32,0.4481150261033215,0.4352843357527444
21,sub_01,0.3774918430465989,0.2635910061333899
21,sub_02,0.24169273991975773,0.2729564615214479
21,sub_03,-0.2855640923393338,0.30931900167724735
21,sub_04,-0.37683105435456826,0.3156132749196773
21,sub_05,0.44221620808382917,0.2591272568204775
21,sub_06,0.3302495999727373,0.26684909186262173
21,sub_07,0.1621628103692294,0.27844128424907055
21,sub_08,0.4577709246353558,0.2580545177479584
21,sub_09,0.2459718494099806,0.2726613505221222
21,sub_10,0.4677314432216685,0.257367585431661
21,sub_12,0.3785346208961878,0.2635190904196252
21,sub_13,0.4727426802545423,0.2570219828776697
21,sub_14,0.4907102873094102,0.25578283756354087
21,sub_15,0.39949333028040707,0.26207366218623074
21,sub_16,0.2705022384042769,0.27096959955699834
21,sub_17,0.2908975540389084,0.26956302606495486
21,sub_18,0.41524636173290774,0.2609872462239893
21,sub_19,0.19426311629570953,0.2762274700472444
21,sub_20,0.40174964723556644,0.2619180541203577
21,sub_21,0.2581695162800222,0.2718201321172918
21,sub_22,-0.4027657226118036,0.3174018727305211
21,sub_23,0.45690891576259113,0.25811396663573527
21,sub_24,0.3628020630230907,0.26460409441087324
21,sub_25,0.347547003864624,0.26565616745628473
21,sub_26,0.27001841813114924,0.2710029664723865
21,sub_27,0.17662003733860474,0.2774442341132516
21,sub_28,0.27749210956331233,0.2704875394770649
21,sub_29,0.37786435112943323,0.2635653159207807
21,sub_30,0.3886188951988607,0.2628236232263374
21,sub_31,0.3335403473546999,0.26662214376731397
21,sub_32,0.1752748205137495,0.27753700768737954
22,sub_01,0.5079186735891393,0.3948480945655259
22,sub_02,0.5426088191566678,0.39245567073328247
22,sub_03,0.2643561822047505,0.4116455077644492
22,sub_04,-0.4351951166868267,0.45989042492938553
22,sub_05,0.39736197330791967,0.4024726945849203
22,sub_06,0.4628163728924223,0.39795859806185113
22,sub_07,0.2668395376577121,0.4114742418711415
22,sub_08,0.5522751960175669,0.39178902405322047
22,sub_09,0.2859510381001039,0.4101562073578731
22,sub_10,0.5420064927247348,0.3924972104872089
22,sub_12,0.5086735672590926,0.3947960329331152
22,sub_13,0.36845706829724345,0.4044661363097945
22,sub_14,0.4693202062794135,0.39751005782826554
22,sub_15,0.5924980627988553,0.38901503324071784
22,sub_16,0.5376847785260604,0.3927952597422899
22,sub_17,0.3152822340905389,0.4081333662550845
22,sub_18,0.5855753806188861,0.3894924595979571
22,sub_19,0.4017794635181949,0.40216804008766
22,sub_20,0.3897317785928983,0.40299891491009415
22,sub_21,0.27430890825038995,0.41095911286475
22,sub_22,-0.015025456983065257,0.4309132070187813
22,sub_23,0.5362411120009564,0.39289482295091777
22,sub_24,0.5515104348073302,0.3918417662056506
22,sub_25,0.44547499276844144,0.3991545553117809
22,sub_26,0.44835076950132746,0.3989562258819267
22,sub_27,0.5312377101767638,0.3932398851456897
22,sub_28,0.40168229617922413,0.40217474128345104
22,sub_29,0.4510518611991406,0.39876994369587054
22,sub_30,0.26468181572062655,0.4116230502805957
22,sub_31,0.5080091872225603,0.3948418522459795
22,sub_32,0.5129667497894582,0.39449995137929694
23,sub_01,-0.00047197118212706735,0.15755448245094805
23,sub_02,0.29215918037544025,0.13737302372283994
23,sub_03,0.2148326014164739,0.14270589123725144
23,sub_04,0.3319383984483845,0.13462962937298173
23,sub_05,0.23426620919720292,0.14136564242478736
23,sub_06,0.2656490000169608,0.13920131202342473
23,sub_07,-0.0891032101759375,0.1636669816919005
23,sub_08,0.29322084148737215,0.13729980571512052
23,sub_09,0.2611673239886129,0.13951039312882804
23,sub_10,0.33612641595569565,0.13434080057937406
23,sub_12,-0.02202481591931305,0.15904088553627121
23,sub_13,0.31851301152847944,0.13555551812607863
23,sub_14,-0.3041424562015946,0.17849727452125616
23,sub_15,0.19192802831929287,0.1442855169680915
23,sub_16,0.33339513809752674,0.1345291645695926
23,sub_17,0.0005211055514477821,0.15748599440035668
23,sub_18,0.0307716317807763,0.15539975121212712
23,sub_19,0.25057246312627357,0.1402410731882997
23,sub_20,-0.07554185372563335,0.16273171572981054
23,sub_21,-0.28722912995148264,0.177330838228145
23,sub_22,0.2874667282746659,0.13769664110910027
23,sub_23,0.28156232675873877,0.13810384121364697
23,sub_24,-0.004814633644870647,0.15785397641389587
23,sub_25,0.32109275328247494,0.13537760490166514
23,sub_26,-0.08780085497606992,0.16357716409190962
23,sub_27,0.03419811292525364,0.15516344216768038
23,sub_28,0.3397758683778033,0.1340891142054356
23,sub_29,0.07072738442132535,0.15264418206450306
23,sub_30,0.36352292095075983,0.13245138644178342
23,sub_31,0.023919412643759394,0.15587231804916274
23,sub_32,0.36193811756554684,0.1325606832269705
24,sub_01,0.2752324583551266,0.16856334000313372
24,sub_02,0.22525223606501962,0.17201025188521007
24,sub_03,-0.0341579723711846,0.1899006110877069
24,sub_04,0.2508132256209515,0.17024742501928372
24,sub_05,0.23859024667645062,0.17109038908442173
24,sub_06,0.19817432486461456,0.17387769403696213
24,sub_07,-0.13328185728439237,0.19673674108172123
24,sub_08,0.2894585140401593,0.16758223271451078
24,sub_09,0.14575824676697635,0.17749259597473027
24,sub_10,0.134492731574806,0.17826952805694893
24,sub_12,0.1382378496972266,0.1780112440485061
24,sub_13,0.20311384044653952,0.17353703778993282
24,sub_14,0.3420221929262514,0.16395715141202166
24,sub_15,0.29897304651107365,0.16692605806134425
24,sub_16,0.24894017247534914,0.17037660109829078
24,sub_17,0.15101400704239795,0.17713012974883913
24,sub_18,0.2343862411819549,0.17138032049783522
24,sub_19,0.08026894718231409,0.1820090993943622
24,sub_20,0.2588552222082298,0.1696928045649887
24,sub_21,-0.2163018651449547,0.2024622588652083
24,sub_22,0.05717932514040881,0.1836014871213901
24,sub_23,0.2788105629219469,0.16831657417093923
24,sub_24,0.1904955456912916,0.17440726501443268
24,sub_25,0.23928784776696307,0.17104227866438637
24,sub_26,0.12462257320926261,0.17895022863388296
24,sub_27,0.28502660045731243,0.1678878819271209
24,sub_28,0.0677117770424655,0.1828751111281448
24,sub_29,0.2392527638720866,0.17104469824334334
24,sub_30,0.05824647815762415,0.18352789036158218
24,sub_31,0.3268899673966963,0.16500075317268062
24,sub_32,0.24143652631016288,0.17089409393726915
25,sub_01,0.3462163939360963,0.3224193678778109
25,sub_02,0.2813283432279455,0.32689440585768337
25,sub_03,-0.08399356271955093,0.352089020060959
25,sub_04,0.380578624753054,0.3200495588559517
25,sub_05,0.33180901869955254,0.3234129799630898
25,sub_06,0.3570529442994567,0.32167201957688946
25,sub_07,0.13718983277363517,0.33683499278556683
25,sub_08,0.4215245378627007,0.31722570277942436
25,sub_09,0.27656129306316807,0.3272231679380128
25,sub_10,0.36196719571074915,0.3213331056864555
25,sub_12,0.33733654752206976,0.32303177107877823
25,sub_13,0.512858263774625,0.31092682513032616
25,sub_14,0.36647835565256476,0.32102199120770963
25,sub_15,0.42865601138015474,0.31673387701959993
25,sub_16,0.4344120497074662,0.3163369088590957
25,sub_17,0.3681997629287576,0.32090327346452385
25,sub_18,0.4729396829933273,0.3136798307014501
25,sub_19,0.23799475691726033,0.32988292905152367
25,sub_20,0.22716455951251008,0.33062983921736855
25,sub_21,-0.008474643308560915,0.34688081872226995
25,sub_22,0.2459457575592373,0.3293345841796632
25,sub_23,0.31103126992871205,0.3248459281541822
25,sub_24,0.31750403399063626,0.3243995306326702
25,sub_25,0.5090813895351219,0.31118729921580907
25,sub_26,0.37950579337879997,0.32012354722659
25,sub_27,0.3446059498153493,0.32253043298958656
25,sub_28,0.2906407416753059,0.32625217148200336
25,sub_29,0.3423870586298001,0.3226834599679002
25,sub_30,0.3538357507156302,0.3218938949964637
25,sub_31,0.388002217806073,0.3195375869212607
25,sub_32,0.3722545246070595,0.32062363472808936
27,sub_01,0.31626769203511024,0.3036500005962334
27,sub_02,0.34785693764214226,0.30154405088909786
27,sub_03,-0.47778126289712336,0.3565865975917156
27,sub_04,0.44603904036252023,0.29499857737440605
27,sub_05,0.4606646899245074,0.2940235340702736
27,sub_06,0.03926194322322164,0.32211705051702594
27,sub_07,0.3418264121613067,0.3019460859211536
27,sub_08,0.3773728687867368,0.29957632214612495
27,sub_09,0.3666692042500505,0.300289899781904
27,sub_10,0.2554034728112771,0.3077076152111556
27,sub_11,0.36177310127062023,0.3006163066471994
27,sub_12,0.253861179438706,0.30781043476932696
27,sub_13,0.38150903735656405,0.29930057757480305
27,sub_14,0.5238887660070732,0.28980859566476913
27,sub_15,0.35819767281254344,0.3008546685444045
27,sub_16,0.2584214231896517,0.3075064185192639
27,sub_17,0.30296084749512225,0.30453712356556595
27,sub_18,0.39534515402975634,0.2983781697965903
27,sub_19,0.1995787384292932,0.3114292641699545
27,sub_20,0.38927535097331906,0.2987828233336861
27,sub_21,0.28518241373538106,0.305722352482882
27,sub_22,0.3725055787140399,0.2999008081509713
27,sub_23,0.30592508996693335,0.3043395074007785
27,sub_24,0.4066609524377206,0.2976237832360593
27,sub_25,0.05994641336290106,0.3207380858410473
27,sub_26,0.2834984963355427,0.3058346136428712
27,sub_27,0.3819888549611732,0.2992685897344959
27,sub_28,0.33306748683699083,0.302530014276108
27,sub_29,0.3898515251288344,0.29874441172331845
27,sub_30,0.19075788036809432,0.31201732137403443
27,sub_31,0.36309931397450784,0.30052789246694017
27,sub_32,0.47115912683270267,0.29332390494306054
28,sub_01,0.5140663547658091,0.34403865680134293
28,sub_02,0.5127759126232839,0.34412468627751125
28,sub_03,-0.30354964850867344,0.3985463903529751
28,sub_04,0.5006108605708798,0.3449356897476715
28,sub_05,0.43398853755692557,0.34937717794860185
28,sub_06,0.24016802066151166,0.36229854574162945
28,sub_07,0.39071045985554087,0.3522623831286942
28,sub_08,0.5070085170543541,0.3445091793154399
28,sub_09,0.36712303508904953,0.35383487811312686
28,sub_10,-0.1377176559567361,0.3874909241828459
28,sub_11,0.36416065776462847,0.354032369934755
28,sub_12,0.17348548457041826,0.36674404814770234
28,sub_13,0.47285821423724933,0.3467858661699136
28,sub_14,0.46692127435848246,0.3471816621618314
28,sub_15,0.5032609646696026,0.34475901614109006
28,sub_16,0.5109272611292051,0.3442479297104499
28,sub_17,0.21428321911642828,0.3640241991779683
28,sub_18,0.42701405421731203,0.3498421435045761
28,sub_19,0.34665341276298683,0.35519951960153107
28,sub_20,0.38285166046644187,0.35278630308796743
28,sub_21,0.34126821766648224,0.3555585326079647
28,sub_22,0.3720644590009103,0.3535054498523362
28,sub_23,0.4522781523124598,0.34815787029823286
28,sub_24,0.39450453873763186,0.35200944453655475
28,sub_25,0.1266689311818155,0.36986515170694256
28,sub_26,0.3764250250666925,0.3532147454479508
28,sub_27,0.3797495772634165,0.35299310863483574
28,sub_28,0.2525167389829464,0.3614752978535338
28,sub_29,0.4127101260953326,0.350795738712708
28,sub_30,0.3330249296760169,0.35610808514066244
28,sub_31,0.507282627087924,0.3444909053132019
28,sub_32,0.5131984934955769,0.3440965142193584
29,sub_01,0.6869216017146534,0.5565494611086947
29,sub_02,0.7113209467372608,0.5549228381071876
29,sub_03,-0.6756678569495189,0.6473887583529729
29,sub_04,0.7008953560356346,0.555617877487296
29,sub_05,0.6958256704041885,0.5559558565293924
29,sub_06,0.5727420987780686,0.5641614279711338
29,sub_07,0.5448302402959379,0.5660222185366092
29,sub_08,0.7141892226282388,0.5547316197144557
29,sub_09,0.691590788310891,0.556238182002279
29,sub_10,0.6665487445932697,0.5579076515834537
29,sub_11,0.6322693652068672,0.5601929435425471
29,sub_12,0.5452183125031299,0.5659963470561297
29,sub_13,0.6240990375239066,0.5607376320547445
29,sub_14,0.724317573155207,0.5540563963459912
29,sub_15,0.7153407873879057,0.554654848730478
29,sub_16,0.6716447129796616,0.5575679203576942
29,sub_17,0.6058327623547594,0.5619553837326878
29,sub_18,0.6807498068107586,0.5569609141022878
29,sub_19,0.5575408897536521,0.5651748419060949
29,sub_20,0.6644101894827122,0.5580502219241577
29,sub_21,0.5036280504757518,0.5687690311912882
29,sub_22,0.1795376588926951,0.5903750572968254
29,sub_23,0.6605361990583424,0.5583084879524489
29,sub_24,0.6063442677967579,0.5619212833698878
29,sub_25,0.4750078631771795,0.5706770436778598
29,sub_26,0.5172441707593428,0.5678612898390488
29,sub_27,0.6519763504617209,0.558879144525557
29,sub_28,0.6956667904302756,0.5559664485276533
29,sub_29,0.4555690494219672,0.5719729645948739
29,sub_30,0.3056836501663959,0.5819653245452453
29,sub_31,0.603188464075841,0.5621316702846157
29,sub_32,0.6853242722666962,0.5566559497385586
30,sub_01,0.457544218687085,0.3816651765309985
30,sub_02,0.5854708641841347,0.37313673349786186
30,sub_03,-0.5655928674139281,0.4498743156043994
30,sub_04,0.5108337150339116,0.3781125434412101
30,sub_05,0.5128770038990642,0.3779763241835332
30,sub_06,0.2529303245330949,0.39530610280793116
30,sub_07,0.43472828249398815,0.38318623894387166
30,sub_08,0.5075684565089391,0.3783302273428749
30,sub_09,0.4797234316059318,0.38018656233640874
30,sub_10,0.5401225366728213,0.3761599553319494
30,sub_11,0.3737966210953524,0.3872483497037807
30,sub_12,0.4541260598833167,0.3818930537845831
30,sub_13,0.5228928895397179,0.3773085984741563
30,sub_14,0.5724281084798977,0.374006250544811
30,sub_15,0.5408178010282354,0.3761136043749218
30,sub_16,0.4742577223315171,0.38055094295470304
30,sub_17,0.3175981027522884,0.3909949175933183
30,sub_18,0.5128262279185243,0.37797970924890256
30,sub_19,0.4235835698948163,0.38392921978381644
30,sub_20,0.3020325297637821,0.3920326224592187
30,sub_21,0.22979320397678582,0.3968485775116851
30,sub_22,0.3232032136085417,0.39062124353623473
30,sub_23,0.4459921109284238,0.38243531704824263
30,sub_24,0.3496345706064532,0.38885915306970736
30,sub_25,0.1693777279395091,0.4008762759141703
30,sub_26,0.3314967047954303,0.39006834412377556
30,sub_27,0.47615622253666434,0.38042437627435993
30,sub_28,0.49900968632515974,0.3789008120217935
30,sub_29,0.13912730011756044,0.40289297110230016
30,sub_30,0.3335950216315889,0.3899284563346983
30,sub_31,0.319184186445975,0.3908891786804059
30,sub_32,0.5379081854995423,0.3763075787435014
31,sub_01,0.13273884293356394,0.1288191657120923
31,sub_02,0.317417674642371,0.11650724359817183
31,sub_03,0.05937137444486205,0.13371033027800577
31,sub_04,0.23406789503879796,0.12206389557174338
31,sub_05,0.11166027658654323,0.13022440346856035
31,sub_06,0.06955113785887114,0.1330316793837385
31,sub_07,-0.12683313371844815,0.14612396415555978
31,sub_08,0.2842753900233863,0.11871672923943748
31,sub_09,0.1997311476665156,0.12435301206322885
31,sub_10,0.27752850688434644,0.1191665214487068
31,sub_11,0.26512538454611473,0.11999339627125558
31,sub_12,0.19280730243001287,0.12481460174566236
31,sub_13,0.2557552168431407,0.12061807411812053
31,sub_14,0.18336260285198508,0.12544424838419754
31,sub_15,-0.20103986015168304,0.15107107925110877
31,sub_16,0.14468110054350367,0.12802301520476297
31,sub_17,-0.02049376689382502,0.13903467303391823
31,sub_18,0.1824111780411222,0.12550767670492174
31,sub_19,0.10372334748676065,0.13075353207521254
31,sub_20,0.18465289105491228,0.1253582291706691
31,sub_21,-0.13417183100728833,0.14661321064148244
31,sub_22,0.2931357347406647,0.11812603959161892
31,sub_23,0.3295217914628725,0.11570030247680506
31,sub_24,0.10050828775777285,0.13096786939047836
31,sub_25,0.24315365954445778,0.12145817793803271
31,sub_26,0.07088202661848418,0.13294295346643095
31,sub_27,0.11908652337560573,0.12972932034928952
31,sub_28,0.299210858300979,0.11772103135426464
31,sub_29,0.037410375689662316,0.13517439686168575
31,sub_30,0.29749819651732007,0.11783520880650857
31,sub_31,-0.2001663421396004,0.1510128447169699
31,sub_32,-0.17651113274388675,0.1494358307572557
32,sub_01,0.08862777632559408,0.33433873939339676
32,sub_02,0.22352541923613864,0.32534556319936053
32,sub_03,0.4430845436360583,0.3107082882393659
32,sub_04,0.23652366000904984,0.3244790138144998
32,sub_05,0.45827403979354725,0.30969565516219993
32,sub_06,0.35832466325618045,0.3163589469313577
32,sub_07,0.027540552924628196,0.3384112209534612
32,sub_08,0.35838599534676524,0.31635485812531877
32,sub_09,0.40656677105654276,0.3131428064113336
32,sub_10,0.3988889900024546,0.3136546584816061
32,sub_11,0.24046926066739407,0.3242159737706101
32,sub_12,0.403413980925431,0.31335299242007436
32,sub_13,0.4576521208779751,0.30973711642323815
32,sub_14,0.44967954643400176,0.3102686213861697
32,sub_15,0.4325517942291048,0.31141047153316276
32,sub_16,0.005980017802665449,0.33984858996159206
32,sub_17,0.344905131859168,0.3172535823578253
32,sub_18,0.29736718547159185,0.3204227787836636
32,sub_19,0.4753220330794234,0.30855912227647486
32,sub_20,0.4469851159739236,0.31044825008350824
32,sub_21,0.35028811273430976,0.3168947169661491
32,sub_22,0.3474051688094752,0.31708691322780475
32,sub_23,0.3868819742759464,0.3144551261967067
32,sub_24,0.36156438381575307,0.3161429655607195
32,sub_25,0.47425210575183363,0.3086304507649809
32,sub_26,-0.07240175280463315,0.345074041335412
32,sub_27,0.054818652722701484,0.336592680966923
32,sub_28,0.48151252219388024,0.30814642300217776
32,sub_29,0.30358069085379474,0.32000854509151677
32,sub_30,0.47581255427745267,0.308526420863273
32,sub_31,0.24677469571530966,0.3237956114340825
32,sub_32,0.242860027199631,0.32405658933512765
33,sub_01,0.45601881296617724,0.22294442644280396
33,sub_02,0.4605347202345185,0.22264336595824788
33,sub_03,-0.5078957660317512,0.28720539837599923
33,sub_04,-0.5301460149710424,0.2886887483052853
33,sub_05,0.13537574901877386,0.2443206307059642
33,sub_06,0.24579599801558835,0.23695928077284326
33,sub_07,0.4111537624191867,0.2259354298126033
33,sub_08,0.2451054193136636,0.23700531935297153
33,sub_09,-0.13555299865328507,0.2623825472174348
33,sub_10,0.38744910261079474,0.22751574046649614
33,sub_11,0.40144436829122887,0.22658272275446717
33,sub_12,0.25315111559458653,0.23646893960091
33,sub_13,0.4244697312937992,0.22504769855429588
33,sub_14,0.25088871473242647,0.23661976632505402
33,sub_15,0.23913745354712249,0.23740318373740762
33,sub_16,0.3221643300962243,0.23186805863413415
33,sub_17,0.04910136803896221,0.2500722561046183
33,sub_18,0.16922013736616362,0.24206433814947156
33,sub_19,0.2538031677305729,0.23642546945851095
33,sub_20,0.39353052894670754,0.22711031204410193
33,sub_21,-0.04383875437056956,0.25626826426525373
33,sub_22,-0.011016681748459881,0.25408012609044645
33,sub_23,0.463491916177527,0.22244621956204733
33,sub_24,0.46627810313849566,0.2222604737646494
33,sub_25,0.46490947050552156,0.22235171594018102
33,sub_26,0.3426456763486054,0.23050263555064207
33,sub_27,0.4587084054706222,0.22276512027584097
33,sub_28,0.4178245611941718,0.225490709894271
33,sub_29,0.2334615178466188,0.23778157945077452
33,sub_30,0.11838195922370617,0.24545355002563538
33,sub_31,0.3555495671391268,0.2296423761646073
33,sub_32,0.4092249777306894,0.22606401545850316
34,sub_01,0.5264647235710869,0.3977234894032964
34,sub_02,0.5187212091298674,0.39823972369937766
34,sub_03,-0.5485709797985588,0.4693925362946061
34,sub_04,-0.6702504990206222,0.4775045042427437
34,sub_05,0.4271713514124119,0.404343047547208
34,sub_06,0.2747059958278736,0.41450740458617724
34,sub_07,0.5301003733592865,0.3974811127507497
34,sub_08,0.5100804944446532,0.39881577134505863
34,sub_09,0.5099220749666844,0.39882633264358985
34,sub_10,0.5746231366392228,0.3945129285320873
34,sub_11,0.5745485998958292,0.3945178976483136
34,sub_12,0.5340082077589443,0.3972205904574392
34,sub_13,0.4027269087424705,0.40597267705853746
34,sub_14,0.5560524241592575,0.39575097603075166
34,sub_15,0.546199365224266,0.39640784662641776
34,sub_16,0.49300505340491224,0.39995413408104136
34,sub_17,0.49598840150847834,0.3997552442074703
34,sub_18,0.26672163184510467,0.41503969551836184
34,sub_19,0.45227904907039884,0.4026692010366756
34,sub_20,0.4964934821295357,0.3997215721660664
34,sub_21,0.2967264948819984,0.4130393713159023
34,sub_22,0.5118462870244037,0.39869805183974194
34,sub_23,0.5526894593787642,0.3959751736827845
34,sub_24,0.5318083084486553,0.3973672504114585
34,sub_25,0.2862611669928686,0.4137370598418443
34,sub_26,0.3807727969989304,0.40743628450810676
34,sub_27,0.5557043444733486,0.3957741813431456
34,sub_28,0.5879458383930904,0.3936247484151628
34,sub_29,0.46018821099093415,0.4021419235753066
34,sub_30,0.5455723837523909,0.39644964539120947
34,sub_31,0.22624197709320887,0.41773833916848824
34,sub_32,0.5778858565413686,0.3942954138719443
35,sub_01,0.36040028912854516,0.15687068832978007
35,sub_02,0.36710623923313823,0.15642362498947385
35,sub_03,-0.4162483272078578,0.20864726275220694
35,sub_04,-0.43754230211327005,0.2100668610792344
35,sub_05,0.17685558578147934,0.1691070018862511
35,sub_06,0.16536386084654678,0.16987311688191328
35,sub_07,0.1749786193315167,0.16923213298291528
35,sub_08,0.30345840989383865,0.1606668136120938
35,sub_09,0.29140603856517716,0.16147030503400459
35,sub_10,0.2759867058476385,0.16249826054850716
35,sub_11,-0.18640034564558727,0.19332406398138888
35,sub_12,0.22235122755147013,0.16607395910158507
35,sub_13,0.15063368576654276,0.17085512855391355
35,sub_14,0.1135475750163435,0.17332753593726014
35,sub_15,0.2767551113799229,0.16244703351302156
35,sub_16,0.2857622479362494,0.16184655774259976
35,sub_17,0.22928875301115084,0.165611457404273
35,sub_18,0.23017067036055916,0.16555266291431248
35,sub_19,0.1402606833498761,0.171546662048358
35,sub_20,0.15504365477511992,0.1705611306200084
35,sub_21,0.09549059231984411,0.17453133478369345
35,sub_22,0.21150074529877302,0.1667973245850982
35,sub_23,0.2583130477768977,0.1636765044198899
35,sub_24,0.2865882603429398,0.1617914902488204
35,sub_25,-0.09121968755508784,0.18697868677535556
35,sub_26,0.28406175291989966,0.1619599240770231
35,sub_27,0.34013133901621917,0.1582219516706018
35,sub_28,0.03277252652796376,0.1787125391698188
35,sub_29,0.2986662284308584,0.16098629237629247
35,sub_30,0.15825096868143138,0.17034730969292097
35,sub_31,0.35304753147873086,0.157360872173101
35,sub_32,0.32013954010362194,0.15955473826477495
36,sub_01,0.17657389909180163,0.07671420747445873
36,sub_02,0.07011281950908177,0.08381161277997339
36,sub_03,-0.27047559626026435,0.10651750716459646
36,sub_04,-0.31532684026274677,0.10950759009809528
36,sub_05,0.17632784086714356,0.0767306113561026
36,sub_06,0.138480456920363,0.07925377028588797
36,sub_07,0.04336514383045786,0.0855947911585483
36,sub_08,0.18813882378540867,0.07594321249488492
36,sub_09,0.22458444931531232,0.07351350412622468
36,sub_10,0.17622402385711197,0.0767375324901047
36,sub_11,0.07381606257787948,0.08356472990872021
36,sub_12,0.1396688199150826,0.07917454608623999
36,sub_13,0.011327335624382548,0.08773064503895332
36,sub_14,0.23787693420189826,0.07262733846711895
36,sub_15,0.2293177165880761,0.07319795297470709
36,sub_16,0.16292805380065598,0.07762393049386844
36,sub_17,0.21957782212840815,0.07384727927201828
36,sub_18,0.11503072600161601,0.0808170856804711
36,sub_19,-0.05756327471872677,0.09232335239516062
36,sub_20,-0.044806294542231194,0.09147288705006093
36,sub_21,0.09316392203475343,0.08227487261159527
36,sub_22,-0.13529256219299657,0.09750530489344528
36,sub_23,0.1604711465626169,0.07778772430973771
36,sub_24,-0.2509028421639284,0.1052126568915074
36,sub_25,0.042658769580254455,0.08564188277522854
36,sub_26,0.21737898866547872,0.07399386816954692
36,sub_27,0.1300220120925265,0.07981766660774374
36,sub_28,0.1402055572009586,0.07913876360051493
36,sub_29,0.22516407557078935,0.07347486237585954
36,sub_30,-0.02857724486513838,0.0903909504049214
36,sub_31,0.14248717065549016,0.07898665603687952
36,sub_32,0.2226161070458496,0.07364472694418887
37,sub_01,0.3284387596832333,0.1826223191421319
37,sub_02,0.35923964983539763,0.18056892646532094
37,sub_03,-0.36984556701837923,0.22917460758890604
37,sub_04,-0.4360966623873713,0.23359134728017217
37,sub_05,0.27080060113706783,0.1864648630452096
37,sub_06,0.1788575584829883,0.19259439922214822
37,sub_07,0.29620618850338487,0.18477115722078846
37,sub_08,0.35433114264454213,0.18089616027804464
37,sub_09,0.28224452247559595,0.18570193495597442
37,sub_10,0.3513605804306599,0.18109419775897012
37,sub_11,0.2629173923920675,0.18699041029487626
37,sub_12,0.00492047715920809,0.20419020464373355
37,sub_13,0.23979100011250692,0.1885321697801803
37,sub_14,0.3386814326362273,0.18193947427859897
37,sub_15,0.313784246650521,0.18359928667764605
37,sub_16,0.389941674636931,0.17852212481188534
37,sub_17,0.14512969340918144,0.19484292356040198
37,sub_18,0.34699558412859044,0.1813851975124414
37,sub_19,-0.17310165225884125,0.2160583466049369
37,sub_20,0.09917928864745328,0.19790628387785056
37,sub_21,-0.09174866435708959,0.21063481407815343
37,sub_22,0.2851753083935688,0.18550654922810952
37,sub_23,0.25440698331869266,0.18755777089976794
37,sub_24,0.335466716618536,0.18215378867977838
37,sub_25,0.003131053388368862,0.2043094995617895
37,sub_26,0.3130659341513656,0.18364717417758974
37,sub_27,0.34718741339957687,0.18137240889437567
37,sub_28,0.2382574396154681,0.18863440714664956
37,sub_29,0.11726025686616427,0.19670088599660313
37,sub_30,0.14727902158740777,0.19469963501518692
37,sub_31,0.25064188438207796,0.18780877749554226
37,sub_32,0.3516478349653209,0.18107504745665934
38,sub_01,0.7051309758477621,0.5866214777284271
38,sub_02,0.7292322345725564,0.5850147271467743
38,sub_03,-0.7231315204204002,0.6818389774796381
38,sub_04,0.6164294222398814,0.5925349146356191
38,sub_05,0.7457140182871267,0.5839159415658027
38,sub_06,0.5462902855038737,0.5972108570846864
38,sub_07,0.5786233416631844,0.5950553200073989
38,sub_08,0.6914487801867241,0.5875336241058297
38,sub_09,0.7049592760750907,0.5866329243799385
38,sub_10,0.7323252820925573,0.5848085239787741
38,sub_11,0.7481319386413723,0.5837547468755198
38,sub_12,0.6791959658640397,0.5883504783940086
38,sub_13,0.6578137904995108,0.5897759567516438
38,sub_14,0.5518994137998253,0.5968369151982895
38,sub_15,0.6580471403064952,0.5897604000978449
38,sub_16,0.7249441335195247,0.5853006005503095
38,sub_17,0.6571954319496686,0.5898171806549666
38,sub_18,0.6061668775535448,0.5932190842813749
38,sub_19,0.592803790618198,0.5941099567437313
38,sub_20,0.5114160427443777,0.599535806601986
38,sub_21,0.11585957992187114,0.6259062374568198
38,sub_22,0.6639474156134293,0.5893670484107159
38,sub_23,0.7327811407398362,0.5847781334022888
38,sub_24,0.7265317905990983,0.5851947567450047
38,sub_25,0.6481887561726631,0.5904176257067669
38,sub_26,0.6489182352156285,0.5903689937705693
38,sub_27,0.6924443969943023,0.587467249651991
38,sub_28,0.685524475646099,0.5879285777418712
38,sub_29,0.7035966681191975,0.5867237649103313
38,sub_30,0.6022965820923742,0.5934771039787863
38,sub_31,0.5097864752500595,0.5996444444349407
38,sub_32,0.5643941456388631,0.596003933075687
39,sub_01,0.6961774939626885,0.6594284624815302
39,sub_02,0.6988513699840425,0.6592502040801066
39,sub_03,-0.14976791097323716,0.7158248228105918
39,sub_04,0.7989714621277871,0.6525755312705236
39,sub_05,0.791610695845412,0.653066249022682
39,sub_06,0.4219547042932489,0.677709981792826
39,sub_07,0.690973141311148,0.6597754193249662
39,sub_08,0.7445055782355278,0.6562065901966743
39,sub_09,0.681333221084072,0.660418080673438
39,sub_10,0.778459136364304,0.6539430196547558
39,sub_11,0.7081780164381863,0.6586284276498303
39,sub_12,0.7509768044818653,0.655775175113585
39,sub_13,0.5426866935393432,0.6696611825097532
39,sub_14,0.6912226705093396,0.6597587840450868
39,sub_15,0.761630970630585,0.655064897370337
39,sub_16,0.746975203309824,0.6560419485250544
39,sub_17,0.757500532648105,0.6553402599025024
39,sub_18,0.721870534608652,0.6577155931051326
39,sub_19,0.7412435422320498,0.6564240592635727
39,sub_20,0.6110788586516736,0.6651017048355978
39,sub_21,0.7521171531487544,0.6556991518691258
39,sub_22,0.672230146161558,0.6610249523349389
39,sub_23,0.7437438984519312,0.656257368848914
39,sub_24,0.39190631610289056,0.6797132076721835
39,sub_25,0.7427712440133439,0.6563222124781531
39,sub_26,0.517691746936337,0.6713275122832869
39,sub_27,0.7553378398822918,0.6554844394202233
39,sub_28,0.7467490982398949,0.656057022196383
39,sub_29,0.579373839485618,0.6672153727800015
39,sub_30,0.7450819718678863,0.6561681639545169
39,sub_31,0.5845364877672876,0.6668711962278903
39,sub_32,0.7572364010288707,0.655357868677118
40,sub_01,0.5437547613331273,0.4812179280056863
40,sub_02,0.31628528074727197,0.49638256004474335
40,sub_03,0.31982996213413095,0.49614624795228607
40,sub_04,0.6466634659586821,0.474357347697316
40,sub_05,0.6647091929766776,0.47315429922944957
40,sub_06,0.5967749786982731,0.47768324684800995
40,sub_07,0.5561400395468891,0.4803922427914355
40,sub_08,0.5899666228468896,0.4781371372381022
40,sub_09,0.5357258433578013,0.4817531892040413
40,sub_10,0.623456509750312,0.47590447811120734
40,sub_11,0.5271228188823281,0.4823267241690729
40,sub_12,0.3565901891233925,0.4936955661530019
40,sub_13,0.4409817483086561,0.4880694622073178
40,sub_14,0.5383873550993421,0.4815757550879386
40,sub_15,0.5837285099231977,0.478553011433015
40,sub_16,0.5525224673175875,0.48063341427338896
40,sub_17,0.30764359163247895,0.4969586726523962
40,sub_18,-0.08033911526774827,0.5228241864457447
40,sub_19,0.5421936412713447,0.4813220026764718
40,sub_20,0.6223597666307276,0.47597759431917963
40,sub_21,0.6506047521227372,0.474094595286379
40,sub_22,0.1669175459322989,0.5063404090324082
40,sub_23,0.49027914526864386,0.48478296907665186
40,sub_24,0.6300941947404664,0.4754619657785304
40,sub_25,0.40140768735941934,0.4907077329372669
40,sub_26,0.5061565598568032,0.48372447477077457
40,sub_27,0.6278746571260457,0.4756099349528251
40,sub_28,0.5039079265655689,0.4838743836568569
40,sub_29,-0.0179583034446036,0.5186654656575351
40,sub_30,0.6163113506046404,0.47638082205425214
40,sub_31,0.567956344433057,0.47960448913235776
40,sub_32,0.5959978720004052,0.47773505396120114
41,sub_01,0.5549594130633225,0.5831031691126051
41,sub_02,0.6524749346153468,0.5766021343424701
41,sub_03,-0.1718377516924075,0.6315563134296538
41,sub_04,0.6747497621771348,0.5751171458383508
41,sub_05,0.7051394310511674,0.5730911679134154
41,sub_06,0.6802407958362902,0.5747510769277405
41,sub_07,0.5989605467669646,0.580169760199029
41,sub_08,0.5803553133063295,0.5814101090964047
41,sub_09,0.6915224267391706,0.5739989682008819
41,sub_10,0.6930271898031751,0.5738986506632817
41,sub_11,0.5961054581404672,0.5803600994407956
41,sub_12,0.6647161389109104,0.5757860540560992
41,sub_13,0.510622114334956,0.5860589890278295
41,sub_14,0.6895953494312211,0.5741274400214118
41,sub_15,0.6779361780276645,0.5749047181149822
41,sub_16,0.5713548985803883,0.5820101367448007
41,sub_17,0.5663619422104331,0.5823430005027977
41,sub_18,0.6719303631992019,0.5753051057702132
41,sub_19,0.5155728974090615,0.5857289368228891
41,sub_20,0.6559565258137035,0.5763700282625798
41,sub_21,0.5239998998607448,0.5851671366594436
41,sub_22,0.5366010557436153,0.5843270596005856
41,sub_23,0.6306265744379358,0.5780586916876309
41,sub_24,0.6797788041881303,0.5747818763709514
41,sub_25,0.1443941418294701,0.610474187194862
41,sub_26,0.525054163737288,0.5850968524010073
41,sub_27,0.680732276222156,0.5747183115686828
41,sub_28,0.6757356381876023,0.5750514207709865
41,sub_29,0.675550383484869,0.575063771084502
41,sub_30,0.6153418050254952,0.5790776763151271
41,sub_31,0.5196251153193591,0.5854587889622026
41,sub_32,0.6158301137436312,0.5790451224005846
42,sub_01,0.8142862777170948,0.8018487801726955
42,sub_02,0.8214928362322647,0.8013683429383508
42,sub_03,0.6806229891374206,0.8107596660780072
42,sub_04,0.8769380832739548,0.7976719931355716
42,sub_05,0.8542900462706154,0.7991818622691275
42,sub_06,0.8483874210465755,0.7995753706173969
42,sub_07,0.7576217939479969,0.8056264124239687
42,sub_08,0.8551404671571811,0.7991251675433564
42,sub_09,0.771949977463468,0.804671200189604
42,sub_10,0.871578287028035,0.7980293128852995
42,sub_11,0.8756799598496541,0.7977558680305249
42,sub_12,0.7461014262450869,0.806394436937496
42,sub_13,0.7615551739094456,0.8053641870932055
42,sub_14,0.8567820559854169,0.7990157282881406
42,sub_15,0.8355386829226413,0.8004319531589924
42,sub_16,0.8528168219439517,0.7992800772242383
42,sub_17,0.7861766964146194,0.8037227522595273
42,sub_18,0.7328213360202541,0.8072797762858182
42,sub_19,0.8142391601280029,0.8018519213453017
42,sub_20,0.7310170188882277,0.80740006409462
42,sub_21,0.8621605153086233,0.7986571643332603
42,sub_22,0.8703075491355701,0.7981140287447972
42,sub_23,0.8199807639001327,0.8014691477604929
42,sub_24,0.7998199626561179,0.8028132011767607
42,sub_25,0.8489303672712522,0.7995391742024184
42,sub_26,0.6688633905164149,0.8115436393194074
42,sub_27,0.8399337980036223,0.800138945486927
42,sub_28,0.8351562373985042,0.8004574495272682
42,sub_29,0.5927407483593864,0.8166184821298761
42,sub_30,0.8111077476857693,0.8020606821747838
42,sub_31,0.7592388062739618,0.8055186116022376
42,sub_32,0.8307595625237929,0.8007505611855823
43,sub_01,0.3078068195268787,0.1779103555561125
43,sub_02,0.21412071420342468,0.18415609591100945
43,sub_03,-0.22694892532923824,0.21356073854652033
43,sub_04,0.3521958568831849,0.17495108639902543
43,sub_05,0.18655542486055374,0.18599378186720086
43,sub_06,0.29157020480784535,0.17899279653738143
43,sub_07,0.2243577647065039,0.18347362587747082
43,sub_08,0.23753621080786666,0.18259506280404667
43,sub_09,0.09530644582513374,0.19207704713622886
43,sub_10,0.22434571716473542,0.18347442904692207
43,sub_11,0.1567842648154756,0.18797852587020605
43,sub_12,0.20132458166493525,0.1850091714135754
43,sub_13,0.020365083812461,0.19707313793707368
43,sub_14,0.35514297800362743,0.17475461165766262
43,sub_15,0.3331508681438545,0.1762207523149808
43,sub_16,0.36477081840557557,0.17411275563086606
43,sub_17,0.1479813365417754,0.1885653877551194
43,sub_18,0.14703299507848502,0.18862861051933877
43,sub_19,0.05489426481342225,0.19477119253700959
43,sub_20,0.19844746176029984,0.18520097940721778
43,sub_21,0.03598158869592987,0.19603203761150909
43,sub_22,0.057882991843914954,0.19457194406831013
43,sub_23,0.05680133951139251,0.19464405422381162
43,sub_24,0.06528551421390318,0.19407844257697757
43,sub_25,0.0048420253466557915,0.1981080085014607
43,sub_26,0.1937053003014585,0.18551712350447386
43,sub_27,0.35798724096768086,0.17456499412672571
43,sub_28,0.1705916862372974,0.18705803110875127
43,sub_29,0.23333974451898393,0.18287482722330553
43,sub_30,0.26082095658146026,0.18104274641914042
43,sub_31,0.28643424877664503,0.1793351936061281
43,sub_32,0.34251078224501025,0.17559675804157043
44,sub_01,0.8009963494588507,0.686689789607767
44,sub_02,0.788209712032934,0.6875422321028282
44,sub_03,0.16903800790568033,0.7288203457113117
44,sub_04,0.7958210569638992,0.6870348091074305
44,sub_05,0.7372215662899052,0.6909414418190301
44,sub_06,0.6556688356711143,0.6963782905269494
44,sub_07,0.7807654143719256,0.6880385186135621
44,sub_08,0.7807896381076171,0.6880369036978494
44,sub_09,0.7466618243661798,0.6903120912806119
44,sub_10,0.7949884739374842,0.6870903146425248
44,sub_11,0.8070996712825165,0.6862829014861893
44,sub_12,0.6809043333687007,0.694695924013777
44,sub_13,0.5654353122865875,0.7023938587525846
44,sub_14,0.7501774470423649,0.6900777164355326
44,sub_15,0.7425266659519096,0.6905877685082299
44,sub_16,0.7387802337974292,0.6908375306518618
44,sub_17,0.7283996678529794,0.6915295683814918
44,sub_18,0.4793260113691435,0.7081344788137475
44,sub_19,0.6280669944328112,0.6982184132761697
44,sub_20,0.7618388878148503,0.6893002870507003
44,sub_21,0.7413794298588227,0.6906642509144356
44,sub_22,0.511840400515297,0.7059668528706706
44,sub_23,0.7658741902998021,0.689031266885037
44,sub_24,0.745709507857915,0.6903755790478293
44,sub_25,0.7548546050769848,0.6897659058998914
44,sub_26,0.40403996370766554,0.713153548657846
44,sub_27,0.7767460153347266,0.6883064785493753
44,sub_28,0.7561786985684759,0.6896776330004587
44,sub_29,0.7481158704617603,0.6902151548742397
44,sub_30,0.6921350843646007,0.6939472072807172
44,sub_31,0.6378570503694029,0.6975657428803969
44,sub_32,0.7352394664303771,0.6910735818096653
45,sub_01,0.34220924906181044,0.22006149895092153
45,sub_02,0.36525896627996585,0.21852485113637782
45,sub_03,-0.4440241189881075,0.27247705682091605
45,sub_04,0.3847642096999892,0.21722450157504292
45,sub_05,0.415968070927187,0.21514424415989641
45,sub_06,0.2369890216023017,0.22707618078155545
45,sub_07,-0.0963410024709398,0.2492981823864382
45,sub_08,0.3493702712254898,0.2195840974733429
45,sub_09,0.34149231393877166,0.22010929462579076
45,sub_10,0.28564266910684677,0.2238326042812524
45,sub_11,0.10594863320799099,0.23581220667450947
45,sub_12,-0.024005776072083682,0.24447583395984782
45,sub_13,0.37533038500667265,0.217853423221264
45,sub_14,0.32633083428420545,0.22112005993609518
45,sub_15,0.3846774873552928,0.21723028306468936
45,sub_16,0.38446597471209865,0.21724438390756895
45,sub_17,0.3579818936714291,0.21900998931028026
45,sub_18,0.22945266903749248,0.22757860428587606
45,sub_19,0.17444953494816204,0.2312454798918314
45,sub_20,0.1580069005363389,0.23234165551928632
45,sub_21,0.2752540849398802,0.2245251765590502
45,sub_22,0.19555799309760039,0.22983824934853556
45,sub_23,0.34250352577723475,0.22004188050322657
45,sub_24,0.19721215774502823,0.22972797170537362
45,sub_25,-0.26393908366813706,0.2604713877995847
45,sub_26,0.2786943685314291,0.2242958243196136
45,sub_27,0.31596399842004214,0.22181118232703936
45,sub_28,0.19989341752249232,0.2295492210535427
45,sub_29,0.22612803391961186,0.22780024662706808
45,sub_30,0.36931916993261776,0.21825417089286767
45,sub_31,0.12404101175395747,0.2346060481047784
45,sub_32,0.37166660160859455,0.21809767544780256
46,sub_01,0.005831199199201792,-0.0015571466545082535
46,sub_02,0.02632642682017816,-0.0029234951625733453
46,sub_03,0.08213116957613423,-0.006643811346303747
46,sub_04,0.06453716333973887,-0.005470877597210724
46,sub_05,0.06998669314352983,-0.005834179584130118
46,sub_06,0.01986287995951494,-0.0024925920385291253
46,sub_07,0.05957157041505135,-0.005139838068898222
46,sub_08,-0.023299191228546994,0.0003848793740083335
46,sub_09,-0.014189255938028255,-0.00022244964535957708
46,sub_10,0.009573050505487112,-0.0018066034082606037
46,sub_11,0.07798121793205003,-0.006367147903364795
46,sub_12,0.07123116135243751,-0.005917144131390629
46,sub_13,-0.08593557758049168,0.00456063846413798
46,sub_14,0.027426521083133135,-0.0029968347801036742
46,sub_15,-0.1217015997078809,0.00694503993929726
46,sub_16,-0.025673920396858313,0.0005431946518957558
46,sub_17,-0.1048822790305388,0.005823751894141124
46,sub_18,0.07336548211756594,-0.006059432182399199
46,sub_19,0.07360734733650015,-0.006075556530328146
46,sub_20,0.07116265959489701,-0.005912577347554598
46,sub_21,-0.11232608696271575,0.006320005756286249
46,sub_22,0.04960359892225336,-0.004475306636045025
46,sub_23,0.0018530509958897931,-0.0012919367742874556
46,sub_24,-0.08514204308871787,0.004507736164686394
46,sub_25,0.002323901842217783,-0.0013233268307093196
46,sub_26,-0.08651440709245407,0.004599227098268803
46,sub_27,0.004527590871003573,-0.001470239432628374
46,sub_28,0.03209356733497688,-0.0033079711968932576
46,sub_29,-0.0804556723048245,0.0041953114457601685
46,sub_30,0.04962938221256972,-0.004477025522066113
46,sub_31,-0.05539645323817508,0.0025246968413168798
46,sub_32,-0.112161149221943,0.006309009906901401
47,sub_01,0.47632885958306614,0.3097623006436021
47,sub_02,0.4177935348539338,0.3136646556255442
47,sub_03,-0.26953825130912185,0.3594867747030812
47,sub_04,0.5523123185845832,0.30469673671016767
47,sub_05,0.4631925394929667,0.3106380553162754
47,sub_06,0.15690113428314867,0.3310574823302632
47,sub_07,0.3677586042109268,0.3170003176684113
47,sub_08,0.3889800258222555,0.3155855562276561
47,sub_09,0.23841353437270155,0.32562332232429303
47,sub_10,0.4622578235932624,0.310700369709589
47,sub_11,0.3956260013407765,0.315142491193088
47,sub_12,0.23865361997191598,0.32560731661767867
47,sub_13,0.3593687694464158,0.3175596399860454
47,sub_14,0.5050741545028062,0.30784594764895273
47,sub_15,0.5097635976370255,0.3075333181066714
47,sub_16,0.3462691656874236,0.3184329469033116
47,sub_17,0.13258344096786082,0.3326786618846158
47,sub_18,0.30773341893750433,0.3210019966866395
47,sub_19,0.30816037962396403,0.3209735326408755
47,sub_20,0.23039945995514524,0.3261575939521302
47,sub_21,0.5304674942536682,0.3061530583322286
47,sub_22,0.15234591831186634,0.3313611633950153
47,sub_23,0.22459712183460953,0.3265444164934992
47,sub_24,0.4339705614259053,0.31258618718741277
47,sub_25,0.07233296574700943,0.3366953602326725
47,sub_26,0.37724552777000336,0.31636785609780627
47,sub_27,0.462763935292266,0.31066662892965535
47,sub_28,0.029218938757567998,0.3395696286986352
47,sub_29,0.14781035091241687,0.33166353455497866
47,sub_30,0.4125391580514626,0.3140149474123757
47,sub_31,0.4676816651479616,0.310338780272609
47,sub_32,0.346520969410896,0.31841615998841344
48,sub_01,0.4474107242651916,0.31980405729658723
48,sub_02,0.504929604125527,0.31596946530589826
48,sub_03,-0.46682323296073686,0.3807529877783158
48,sub_04,0.42787383121853517,0.321106516833031
48,sub_05,0.44447056277908936,0.32000006806232734
48,sub_06,0.08812220927429913,0.34375662496264675
48,sub_07,0.35776763272927636,0.32578026339898164
48,sub_08,0.4627217059181402,0.31878332518639063
48,sub_09,0.4181359391102357,0.32175570964025096
48,sub_10,0.4766198752631166,0.3178567805633922
48,sub_11,0.2918464118074235,0.3301750114604384
48,sub_12,0.2805905721029587,0.3309254007740694
48,sub_13,0.411573579251428,0.32219320029750476
48,sub_14,0.5253325849484569,0.31460926658436955
48,sub_15,0.49423530501704754,0.31668241857979684
48,sub_16,0.3874908472247495,0.32379871576595
48,sub_17,0.4153186688291018,0.3219435276589932
48,sub_18,0.35130780988351407,0.3262109182553657
48,sub_19,0.10790710127006829,0.3424376321629288
48,sub_20,0.4123158637582113,0.3221437146637192
48,sub_21,-0.0105819734564817,0.3503369038113655
48,sub_22,0.287957655940143,0.3304342618515904
48,sub_23,0.45137124835250086,0.31954002235743334
48,sub_24,0.23004568856218027,0.334295059676788
48,sub_25,0.17385942370251167,0.3380408106674325
48,sub_26,0.38831794893609917,0.32374357565186007
48,sub_27,0.34652665959531703,0.3265296616079122
48,sub_28,0.3976980492922035,0.32311823562811975
48,sub_29,-0.00026500585819025596,0.34964910597147936
48,sub_30,0.4489946045449928,0.31969846527793383
48,sub_31,0.4282672178216023,0.32108029105949315
48,sub_32,0.5076040541794874,0.31579116863563417
49,sub_01,0.19574249278343828,0.09840561638890452
49,sub_02,0.12292086640167511,0.10326039148102206
49,sub_03,-0.33906151049304994,0.13405921660733708
49,sub_04,-0.23204810603231488,0.12692498964328805
49,sub_05,0.1882391494915101,0.09890583927503308
49,sub_06,0.07242627521253125,0.10662669756029833
49,sub_07,-0.02480953610691983,0.11310908498159507
49,sub_08,0.004870947856203265,0.11113038605072019
49,sub_09,0.25893936476250945,0.09419249159029977
49,sub_10,0.1739536504743269,0.09985820587617861
49,sub_11,0.21139656842941665,0.0973620113458393
49,sub_12,0.16839722779589775,0.10022863405474057
49,sub_13,0.10332145979268086,0.10456701858828835
49,sub_14,0.2301159978969198,0.09611404938133909
49,sub_15,0.2700226357381524,0.09345360685859026
49,sub_16,0.10090148798462022,0.10472835004215907
49,sub_17,0.099353655313852,0.10483153888687693
49,sub_18,0.2236525770209439,0.09654494410640416
49,sub_19,-0.07028546131098394,0.11614081332853265
49,sub_20,0.09381761519566027,0.10520060822808971
49,sub_21,-0.13488642974765905,0.12044754455764435
49,sub_22,-0.09668077411301434,0.11790050084866804
49,sub_23,0.18412368296212225,0.09918020371032558
49,sub_24,0.2576021540909375,0.09428163896840457
49,sub_25,0.07023192071029852,0.10677298786044717
49,sub_26,0.21207176885968806,0.09731699798382121
49,sub_27,0.2747666049176408,0.09313734224662434
49,sub_28,-0.019088730475596567,0.11272769793950685
49,sub_29,0.11932222817256996,0.10350030069629573
49,sub_30,0.09554709045352018,0.10508530987756572
49,sub_31,0.23060584982852209,0.09608139258589891
49,sub_32,0.2981707533679132,0.09157706568327285
50,sub_01,0.38976533928352164,0.3489126134687679
50,sub_02,0.43480454076275266,0.3459100000368192
50,sub_03,0.11602854666965373,0.3671617329763591
50,sub_04,0.40520123533989794,0.3478835537316761
50,sub_05,0.43675389297541295,0.34578004322264183
50,sub_06,0.38454392658458925,0.34926070764869677
50,sub_07,0.4141087844551524,0.34728971712399254
50,sub_08,0.36020484399331243,0.35088331315478183
50,sub_09,0.20123681036187635,0.36148118206354435
50,sub_10,0.525523563323257,0.3398620651994522
50,sub_11,0.5109294333223844,0.3408350071995104
50,sub_12,-0.5206087916690771,0.4096042221989412
50,sub_13,0.30162752903653994,0.35478846748523335
50,sub_14,0.47733689691452763,0.3430745096267009
50,sub_15,0.5429991718831102,0.33869702462879536
50,sub_16,0.5131252806849866,0.34068861737533696
50,sub_17,0.3846213020422968,0.34925554928484964
50,sub_18,0.4931973791722559,0.3420171441428524
50,sub_19,0.38621271691156356,0.3491494549602318
50,sub_20,0.46069698633010014,0.344183836998996
50,sub_21,0.4274058996453957,0.34640324277797635
50,sub_22,-0.022253666180390087,0.37638054716636204
50,sub_23,0.29408476890833996,0.3552913181604467
50,sub_24,0.4906592384609955,0.34218635352360305
50,sub_25,0.2595212678837469,0.3575955515620863
50,sub_26,0.37110760604485077,0.350156462351346
50,sub_27,0.442461235977328,0.3453995536891808
50,sub_28,0.3134281456448244,0.35400175971134773
50,sub_29,0.2570623803496886,0.3577594773976901
50,sub_30,0.3444919596527688,0.35193083877748477
50,sub_31,0.34073186466558486,0.3521815117766304
50,sub_32,0.5098989931988331,0.34090370320774716
51,sub_01,0.26236970271026394,0.22983931007222316
51,sub_02,0.43740749563485165,0.21817012387725065
51,sub_03,-0.1264203878871489,0.255758649445384
51,sub_04,0.31255731035673867,0.2264934695624582
51,sub_05,0.23280934133467704,0.2318100008305956
51,sub_06,0.39939440468859466,0.22070432994033448
51,sub_07,0.3435471529977846,0.22442748005305513
51,sub_08,0.29928908411045335,0.22737801797887722
51,sub_09,0.21084152468724943,0.23327452194042414
51,sub_10,0.3283701341393005,0.2254392813102874
51,sub_11,0.29284781171028956,0.22780743613888815
51,sub_12,0.11318654618056602,0.23978485384086973
51,sub_13,-0.29763486335687384,0.26717294781003237
51,sub_14,0.4121741884445096,0.21985234435660678
51,sub_15,0.31507014967726166,0.22632594694109
51,sub_16,0.4321519090634064,0.21852049631534703
51,sub_17,0.17242767992144173,0.23583544492481132
51,sub_18,0.3312065204055152,0.22525018889253978
51,sub_19,0.26592261545009394,0.22960244922290118
51,sub_20,0.30238064713684976,0.22717191377711746
51,sub_21,0.24696164530578105,0.23086651389918872
51,sub_22,0.2813720223359001,0.2285724887638474
51,sub_23,0.200408652184413,0.2339700467739466
51,sub_24,0.12598865253836622,0.23893138008368303
51,sub_25,-0.2838610767585871,0.26625469537014657
51,sub_26,0.31788971287835177,0.22613797606101732
51,sub_27,0.44226695982719866,0.21784615959776085
51,sub_28,0.08385150735824595,0.24174052309569105
51,sub_29,0.2967847594121151,0.22754497295876644
51,sub_30,0.21473027480790108,0.2330152719323807
51,sub_31,0.019640333241649866,0.2460212680367974
51,sub_32,0.43398629705006264,0.21839820378290326
52,sub_01,-0.037640520704607064,0.08109189908266137
52,sub_02,0.24392294878817633,0.062321001116475816
52,sub_03,0.1740768653315155,0.0669774066802532
52,sub_04,0.22024945152592773,0.06389923426729238
52,sub_05,0.2438129458196929,0.06232833464770804
52,sub_06,0.07642072925570835,0.07348781575197368
52,sub_07,-0.05447820194003141,0.08221441116502301
52,sub_08,0.046413434822451846,0.07548830204752412
52,sub_09,0.1419022996536875,0.06912237772544173
52,sub_10,0.22269729617045922,0.06373604462432363
52,sub_11,-0.06394050251537836,0.08284523120337946
52,sub_12,0.12878653433558798,0.0699967620799817
52,sub_13,0.21808702220925696,0.06404339622173712
52,sub_14,0.121675091169187,0.0704708582910751
52,sub_15,0.027673768590908136,0.07673761312962703
52,sub_16,-0.11335286168104118,0.08613938848109033
52,sub_17,0.0287076648483772,0.07666868671246242
52,sub_18,0.10644963217777403,0.07148588889050264
52,sub_19,0.20251508459024345,0.065081525396338
52,sub_20,0.1811756553273368,0.06650415401386511
52,sub_21,-0.3094575603911755,0.09921303506176594
52,sub_22,0.1963001392918407,0.06549585508289818
52,sub_23,0.18206577227142481,0.06644481288425926
52,sub_24,-0.05566843474139372,0.08229376001844715
52,sub_25,0.1332457350929879,0.06969948202948838
52,sub_26,-0.0475817758220744,0.08175464942382588
52,sub_27,-0.20588850706161338,0.0923084315064618
52,sub_28,0.26372170077784496,0.061001084317164576
52,sub_29,0.11072117478287867,0.07120111938349566
52,sub_30,0.20044431125450718,0.06521957695205376
52,sub_31,-0.045489272596309444,0.08161514920877487
52,sub_32,-0.1800916895635235,0.09058864367325581
53,sub_01,0.6118953364360709,0.4065075132987701
53,sub_02,0.6136986636598751,0.40638729148384983
53,sub_03,-0.2727869724948005,0.46548633389416144
53,sub_04,0.6144214639786989,0.4063391047959282
53,sub_05,0.5904959134492047,0.40793414149789453
53,sub_06,0.502760115523171,0.4137831946929634
53,sub_07,0.46947520720430325,0.41600218858088794
53,sub_08,0.5693135855087826,0.4093462966939226
53,sub_09,0.49983190797471916,0.4139784085295269
53,sub_10,0.6073264602190015,0.4068121050465747
53,sub_11,-0.10542110451926491,0.4543286093624591
53,sub_12,0.34278720417886704,0.4244480554492503
53,sub_13,0.5906697116782982,0.4079225549492882
53,sub_14,0.5385629908756064,0.4113963363361343
53,sub_15,0.5678564864491675,0.4094434366312303
53,sub_16,0.3237618541275189,0.42571641211934025
53,sub_17,0.4175385397392965,0.4194646330785551
53,sub_18,0.3870530273461314,0.4214970005714327
53,sub_19,0.41648825560079145,0.419534652021122
53,sub_20,0.5971042725162062,0.4074935842267611
53,sub_21,0.2432187151571596,0.43108595471736416
53,sub_22,0.5498460189543554,0.4106441344642178
53,sub_23,0.580157594864108,0.4086233627369009
53,sub_24,0.32548860613807323,0.42560129531863655
53,sub_25,0.43668378517404843,0.41818828338290487
53,sub_26,0.12970030236067462,0.4386538489037965
53,sub_27,0.5959908483015458,0.4075678125077383
53,sub_28,0.518183671182,0.4127549576490414
53,sub_29,-0.2804174207258082,0.4659950304428953
53,sub_30,0.5731693286007066,0.40908924715446104
53,sub_31,0.36387965732138694,0.4230418919064156
53,sub_32,0.5002820450553483,0.41394839939081823
54,sub_01,0.21687290077001758,0.16833707175206633
54,sub_02,0.3157912313146449,0.16174251638242446
54,sub_03,-0.06763230319716627,0.18730408534987858
54,sub_04,0.2936527865887826,0.16321841269748197
54,sub_05,0.3610320655435013,0.1587264607671674
54,sub_06,0.14966595073890526,0.1728175350874738
54,sub_07,0.24758709303655974,0.16628945893429684
54,sub_08,0.14083002156550734,0.17340659703236697
54,sub_09,0.19903198241851983,0.1695264663088328
54,sub_10,0.2959268148358129,0.1630668108143466
54,sub_11,0.13211846696398707,0.173987367339135
54,sub_12,0.16266875656046273,0.1719506813660366
54,sub_13,0.30866107575965485,0.1622178600860905
54,sub_14,0.27872140494058684,0.164213838140695
54,sub_15,0.11766686392658664,0.17495080754162837
54,sub_16,-0.059788068483762634,0.18678113636898497
54,sub_17,0.07531985044792411,0.1777739417735392
54,sub_18,0.3075355287638387,0.16229289655247822
54,sub_19,0.16174704554836097,0.1720121287668434
54,sub_20,0.20234280125055282,0.1693057450533639
54,sub_21,-0.15439591890682433,0.19308832639718906
54,sub_22,0.18278458467107067,0.17060962615866276
54,sub_23,0.21261694590004349,0.16862080207673122
54,sub_24,-0.04631105166802197,0.1858826685812689
54,sub_25,0.14073368271424827,0.1734130196224509
54,sub_26,0.13063179438788836,0.17408647884420822
54,sub_27,0.10334588697040215,0.1759055393387073
54,sub_28,0.27746279034542165,0.16429774578037268
54,sub_29,0.22834968813732678,0.16757195259424565
54,sub_30,0.30761693342000573,0.1622874695754004
54,sub_31,0.06803775396485297,0.17825941487241062
54,sub_32,0.19323259487233277,0.16991309214524528
55,sub_01,0.04907461482392704,0.11878302841422586
55,sub_02,0.07722187809144619,0.11690654419639127
55,sub_03,-0.09092501863383626,0.1281163373114101
55,sub_04,0.2151168865954085,0.10771354362946044
55,sub_05,0.17565725188225265,0.11034418594367082
55,sub_06,-0.109199038669027,0.12933460531375612
55,sub_07,0.10175385040125998,0.11527107937573701
55,sub_08,-0.07833736852663332,0.12727716063759656
55,sub_09,0.03464125655833612,0.11974525229859859
55,sub_10,0.18184711651145505,0.10993152830172401
55,sub_11,0.012419966546287,0.12122667163273519
55,sub_12,-0.05051942596484619,0.12542263113347743
55,sub_13,0.10738997841510271,0.11489533750814748
55,sub_14,0.25697282158586576,0.10492314796342996
55,sub_15,0.23865884060395193,0.10614408002889088
55,sub_16,0.22998993297207407,0.1067220072043494
55,sub_17,0.22673516381110823,0.10693899181508046
55,sub_18,0.17259599588483485,0.11054826967683201
55,sub_19,0.07933409873906669,0.11676572948654988
55,sub_20,0.17874399160234417,0.11013840329566472
55,sub_21,0.0776219304824969,0.11687987403698788
55,sub_22,-0.038250984398617814,0.12460473502906218
55,sub_23,0.18803297157241422,0.10951913796432672
55,sub_24,0.20539789669454256,0.10836147628951817
55,sub_25,0.20660694934632876,0.10828087277939909
55,sub_26,0.13293790270584058,0.11319214255543164
55,sub_27,0.1811685988029537,0.10997676281562407
55,sub_28,0.011504004635978936,0.12128773576008907
55,sub_29,0.09151046739211216,0.11595397157634686
55,sub_30,0.2659657831079978,0.10432361719528782
55,sub_31,0.06124883140547433,0.11797141397545605
55,sub_32,0.2687229370967297,0.10413980692937237
56,sub_01,0.3465580034354551,0.4181304355980643
56,sub_02,0.44655359837435343,0.41146406260213775
56,sub_03,0.013925892660064216,0.4403059096497571
56,sub_04,0.37063898850782145,0.41652503659323986
56,sub_05,0.3734448755196669,0.4163379774591168
56,sub_06,0.5344750744363339,0.40560263086467235
56,sub_07,0.35748782873102747,0.4174017805783594
56,sub_08,0.5955755413641663,0.4015292664028169
56,sub_09,0.4872931366556833,0.4087480933833824
56,sub_10,0.4256175496767047,0.412859799181981
56,sub_11,0.2637875053690838,0.423648468802489
56,sub_12,0.4154651587145995,0.41353662524612134
56,sub_13,0.5487672760283246,0.4046498174252064
56,sub_14,0.3936515941397889,0.414990862884442
56,sub_15,0.5945136664858729,0.4016000580613697
56,sub_16,0.6273037040604734,0.3994140555563964
56,sub_17,0.24095937849951274,0.42517034392712716
56,sub_18,0.4468010107600382,0.4114475684430921
56,sub_19,0.3142468066989688,0.4202845153804967
56,sub_20,0.1922100710970467,0.42842029775395823
56,sub_21,0.48339961120088015,0.40900766174703596
56,sub_22,0.4026283928278176,0.4143924096385735
56,sub_23,0.5056084580824283,0.4075270719549328
56,sub_24,0.3346830833532101,0.41892209693688065
56,sub_25,0.32232741865567754,0.4197458079167161
56,sub_26,0.41884426392229135,0.41331135156560855
56,sub_27,0.44266785569398154,0.41172311211416257
56,sub_28,0.39109640750292723,0.41516120866023287
56,sub_29,0.4295291708799943,0.41259902443509505
56,sub_30,0.5620301220064479,0.40376562769333146
56,sub_31,0.33933977636482054,0.4186116507361066
56,sub_32,0.6155978531073764,0.4001944456199362
57,sub_01,0.3724530790353397,0.1491911948813607
57,sub_02,0.29413808779963224,0.1544121942970745
57,sub_03,-0.3630395199249435,0.19822403481204626
57,sub_04,0.019684194968007104,0.17270912048584952
57,sub_05,0.1367463918529139,0.16490497402685572
57,sub_06,0.29933821424646706,0.15406551920061884
57,sub_07,0.16398123379146934,0.1630893178976187
57,sub_08,0.24262961379439887,0.15784609256409007
57,sub_09,0.20916626661519352,0.16007698237603712
57,sub_10,0.021161339789753215,0.17261064416439978
57,sub_11,-0.007041694046126217,0.1744908464201251
57,sub_12,0.2395946761899308,0.15804842173772127
57,sub_13,0.2006342409384288,0.1606457840878214
57,sub_14,0.37028770063050964,0.14933555344168267
57,sub_15,0.2682025530920123,0.15614122994424917
57,sub_16,0.2238126065828581,0.15910055971152612
57,sub_17,0.26132485252784227,0.15659974331519386
57,sub_18,0.3410022024983724,0.15128791998382518
57,sub_19,0.012150122029135995,0.17321139201510757
57,sub_20,0.2597481348245576,0.15670485782874616
57,sub_21,-0.3304597297848113,0.19605204880270405
57,sub_22,0.028805317472869508,0.172101045652192
57,sub_23,0.15322339188245745,0.1638065073582195
57,sub_24,0.2481903054845144,0.15747537978474904
57,sub_25,0.2530453302564538,0.15715171146661977
57,sub_26,0.27224526447922187,0.15587171585176854
57,sub_27,0.23959538837591352,0.15804837425865573
57,sub_28,0.06509064352484327,0.16968202391539378
57,sub_29,0.1805950864874885,0.16198172771788408
57,sub_30,0.16951175963128334,0.16272061617496444
57,sub_31,0.1568991889243038,0.1635614542220964
57,sub_32,0.2179257605412085,0.15949301611430272
58,sub_01,0.43561341249707164,0.46077770559305387
58,sub_02,0.5828652694957709,0.4509609151264739
58,sub_03,-0.2416489761199883,0.5059285315008578
58,sub_04,0.5512095055352279,0.4530712993905101
58,sub_05,0.5514774540402945,0.45305343615683896
58,sub_06,0.5485961486042938,0.4532455231859057
58,sub_07,0.5041026229711191,0.4562117582281173
58,sub_08,0.6041079721064421,0.44954473495242925
58,sub_09,0.5613679135473923,0.4523940721896992
58,sub_10,0.5958596856566518,0.45009462071574863
58,sub_11,0.3525045291418714,0.4663182978167339
58,sub_12,0.4456952534494743,0.4601055828628937
58,sub_13,-0.09482213325044626,0.49614007530955506
58,sub_14,0.5591943478032673,0.45253897657264086
58,sub_15,0.6131826510109127,0.4489397563587978
58,sub_16,0.5229884025827418,0.45495270625400924
58,sub_17,0.5048998221262976,0.4561586116177722
58,sub_18,0.5173221559043157,0.45533045603257094
58,sub_19,0.29418078769817924,0.47020654724631344
58,sub_20,0.5102205214127284,0.4558038983320101
58,sub_21,0.2951193896700679,0.47014397378152084
58,sub_22,0.5020410879644311,0.45634919389522993
58,sub_23,0.6283593583750581,0.4479279758678548
58,sub_24,0.5464575259397667,0.4533880980302076
58,sub_25,0.5526249958080063,0.4529769333723249
58,sub_26,0.49527081515411053,0.45680054541591797
58,sub_27,0.5761183613468002,0.451410709003072
58,sub_28,0.3567571979915988,0.4660347865600854
58,sub_29,0.1501379386331804,0.4798094038506467
58,sub_30,0.6187059864641086,0.44857153399525146
58,sub_31,0.4900997222494123,0.45714528494289786
58,sub_32,0.5639482669756017,0.4522220486278185
59,sub_01,0.07479308990002596,0.2702448354683827
59,sub_02,0.3186199187713798,0.25398971354362576
59,sub_03,-0.21452589958593907,0.2895327681007803
59,sub_04,0.5042451149820533,0.2416147004629142
59,sub_05,0.36615825258946205,0.25082049128908696
59,sub_06,0.23596842769197907,0.25949981294891916
59,sub_07,0.17747125911318634,0.26339962418750534
59,sub_08,0.13811551521674098,0.26602334044726833
59,sub_09,0.3811042108285539,0.24982409407314748
59,sub_10,0.25295473115934075,0.2583673927177617
59,sub_11,0.42569197575667045,0.24685157641127303
59,sub_12,0.4831280104557113,0.24302250743133702
59,sub_13,0.48139689402550667,0.2431379151933506
59,sub_14,0.27107664561690237,0.25715926508725756
59,sub_15,0.44118089959340856,0.2458189814888238
59,sub_16,0.3423708069001012,0.25240632100171095
59,sub_17,0.3296650285217766,0.25325337289359934
59,sub_18,0.18249839792770967,0.2630644815998704
59,sub_19,0.07564328287681828,0.2701881559365965
59,sub_20,0.3409548823094169,0.25250071597442325
59,sub_21,-0.23758664747288252,0.2910701512932432
59,sub_22,0.148546476773078,0.2653279430101792
59,sub_23,0.36856991147407797,0.25065971403011256
59,sub_24,0.19831611658189677,0.2620099670229247
59,sub_25,0.1987986382454043,0.26197779891202416
59,sub_26,0.24620327574196427,0.25881748974558677
59,sub_27,0.45526320210448307,0.24488016132141885
59,sub_28,-0.07491860125081477,0.2802256148784387
59,sub_29,0.24748759086063474,0.2587318687376754
59,sub_30,0.42132680107854387,0.24714258805648148
59,sub_31,0.25606534371013673,0.2581600185477086
59,sub_32,0.42034769135420463,0.24720786203810408
60,sub_01,0.38584228931292447,0.36939808293712456
60,sub_02,0.4756733340349562,0.3634093466223224
60,sub_03,0.01655677121350623,0.39401711747708573
60,sub_04,0.538071587549832,0.35924946305466404
60,sub_05,0.36591353464537135,0.37072666658162806
60,sub_06,0.31533310844282963,0.3740986949951308
60,sub_07,0.30939752531867354,0.37449440053674127
60,sub_08,0.5113537346410157,0.36103065324858513
60,sub_09,0.20766788424911764,0.38127637660804503
60,sub_10,0.4512456256072617,0.3650378605175021
60,sub_11,0.41724729344719497,0.3673044159948399
60,sub_12,0.3641128665409994,0.3708467111219196
60,sub_13,0.29194653133852594,0.3756578001354178
60,sub_14,0.5315239016300366,0.359685975449317
60,sub_15,0.425072725324382,0.36678272053636074
60,sub_16,0.44204255762470773,0.3656513983830057
60,sub_17,0.35411155423423984,0.37151346527570356
60,sub_18,0.386172220619352,0.36937608751669604
60,sub_19,0.16444052419638353,0.3841582006115606
60,sub_20,0.25070451785656916,0.37840726770088157
60,sub_21,0.4836922938319385,0.3628747493025236
60,sub_22,0.37234725654034184,0.37029775178863
60,sub_23,0.416329771072646,0.36736558415314313
60,sub_24,0.3725901408160698,0.37028155950358155
60,sub_25,0.4154814244738001,0.36742214059306616
60,sub_26,0.41895698496221806,0.367190436560505
60,sub_27,0.46889536776776247,0.36386121104013536
60,sub_28,0.19275882489807006,0.38227031389811483
60,sub_29,0.3781758217706177,0.36990918077327833
60,sub_30,0.3897726417178987,0.3691360594434596
60,sub_31,0.25592615728420687,0.3780591584057057
60,sub_32,0.4842702937761359,0.36283621597291044
61,sub_01,0.4840242398003085,0.2709120262287108
61,sub_02,0.45356704437565515,0.27294250592368763
61,sub_03,-0.06839297085530403,0.30773984027241824
61,sub_04,0.5039087336620344,0.2695863933045957
61,sub_05,0.23385402811910333,0.2875900403407911
61,sub_06,0.21996901937081093,0.2885157075906773
61,sub_07,0.38081121611901153,0.2777928944741305
61,sub_08,0.5043097139952053,0.2695596612823843
61,sub_09,0.32556924515470154,0.28147569253841787
61,sub_10,0.17601447082491273,0.29144601082707045
61,sub_11,0.3199158802829203,0.28185258352987
61,sub_12,-0.19465933329204269,0.31615759776820085
61,sub_13,0.22607138498371762,0.28810888321648354
61,sub_14,0.4611273963015146,0.27243848246196367
61,sub_15,0.46300890396336547,0.27231304861784034
61,sub_16,0.34159141102116647,0.2804075481473202
61,sub_17,0.37922817578240425,0.277898430496571
61,sub_18,0.20620000970630098,0.2894336415683113
61,sub_19,0.11594129160990657,0.2954508894414042
61,sub_20,0.38661043409757884,0.27740627994222605
61,sub_21,0.5031834005483942,0.26963474884550503
61,sub_22,0.29313472985821143,0.28363799355818387
61,sub_23,0.2742421085388632,0.2848975016461404
61,sub_24,0.3595976549097915,0.27920713188807855
61,sub_25,-0.016291171173424795,0.30426638696029296
61,sub_26,0.2860073705793461,0.28411315084344163
61,sub_27,0.44461168804831896,0.2735395296788434
61,sub_28,0.04626634927037932,0.30009588559737266
61,sub_29,0.21246340594994834,0.2890160818187348
61,sub_30,0.17731870243604786,0.2913590620529948
61,sub_31,0.1614570163514038,0.2924165077919711
61,sub_32,0.4347477161213879,0.2741971278073055
62,sub_01,0.268347592655278,0.19882048428253116
62,sub_02,0.3299340134559351,0.19471472289582067
62,sub_03,-0.2749406311156607,0.23503969920059373
62,sub_04,0.41761640040904313,0.18886923043228013
62,sub_05,0.22508386686821147,0.20170473266833558
62,sub_06,0.20888539246746682,0.20278463096171856
62,sub_07,0.0038073579068057476,0.21645649993242932
62,sub_08,0.34370246790743664,0.19379682593238726
62,sub_09,0.282349809895834,0.19788700313316074
62,sub_10,0.3581433976953322,0.19283409727986087
62,sub_11,0.20594956156407807,0.2029803530219445
62,sub_12,-0.057865634945846525,0.22056803278927278
62,sub_13,0.218229523723979,0.2021616888779511
62,sub_14,0.2191045387498217,0.20210335454289494
62,sub_15,0.348527078922887,0.19347518519802392
62,sub_16,0.2737026179828725,0.19846348259402488
62,sub_17,-0.007845256743047048,0.2172333409090862
62,sub_18,0.17923117927219828,0.2047615785080698
62,sub_19,0.12051193692105197,0.2086761946648129
62,sub_20,0.17386239675804604,0.2051194973423466
62,sub_21,0.4022418087772951,0.18989420320773004
62,sub_22,-0.059042179625049464,0.22064646910121966
62,sub_23,0.28082456725521715,0.19798868597586855
62,sub_24,0.23328637083485776,0.20115789907055917
62,sub_25,0.114636751923584,0.2090678736646441
62,sub_26,0.3219634721395204,0.19524609231691498
62,sub_27,0.3578536598991608,0.19285341313293897
62,sub_28,-0.12390406435392658,0.22497059474981146
62,sub_29,0.2582026698130633,0.19949681247201212
62,sub_30,0.32509068890405596,0.1950376111992793
62,sub_31,0.2224169335527359,0.20188252822270064
62,sub_32,0.33140142431425335,0.19461689550526612
63,sub_01,0.6480917075991297,0.584564215276189
63,sub_02,0.6755082359031841,0.5827364467225853
63,sub_03,0.38952227017451757,0.6018021777711631
63,sub_04,0.7567636900461834,0.5773194164463853
63,sub_05,0.7092764370467944,0.5804852333130113
63,sub_06,0.70426287007439,0.5808194711111716
63,sub_07,0.5469386799686978,0.591307750451551
63,sub_08,0.7251186352449371,0.5794290867664684
63,sub_09,0.6979632042963365,0.5812394488297085
63,sub_10,0.45803290217117326,0.5972348023047194
63,sub_11,0.7055840945166932,0.5807313894816847
63,sub_12,0.5080193834100575,0.5939023702221271
63,sub_13,0.6408999537883618,0.5850436655302401
63,sub_14,0.5983545326571481,0.5878800269389877
63,sub_15,0.6899538644136747,0.5817734048218859
63,sub_16,0.5827713146249276,0.5889189081411357
63,sub_17,0.3334495213582099,0.6055403610255836
63,sub_18,0.4894928541966457,0.5951374721696878
63,sub_19,0.6260186961105916,0.5860357493754248
63,sub_20,0.6320641913811333,0.5856327163573888
63,sub_21,0.6996068052630493,0.5811298754319276
63,sub_22,0.3397931964494291,0.6051174493528356
63,sub_23,0.6703584970015986,0.5830797626493577
63,sub_24,0.454238581205511,0.5974877570357635
63,sub_25,0.5730465836098725,0.5895672235421394
63,sub_26,0.7073455574899881,0.5806139586167984
63,sub_27,0.7363060406553978,0.5786832597391044
63,sub_28,0.32670240488659624,0.6059901687903577
63,sub_29,0.5769463982544375,0.5893072358991684
63,sub_30,0.6238436547077156,0.5861807521356166
63,sub_31,0.3373386122041511,0.6052810883025208
63,sub_32,0.6694965027733929,0.5831372289312381
64,sub_01,-0.03213688843765038,0.04835586393145858
64,sub_02,0.15284064128106437,0.03602402861687759
64,sub_03,0.1406935788495398,0.03683383277897923
64,sub_04,-0.2407800285568977,0.062265406606075074
64,sub_05,0.09384777934984632,0.0399568860789588
64,sub_06,0.0018418849277534914,0.04609061237376498
64,sub_07,-0.03831319660764618,0.048767617809458305
64,sub_08,0.12369587119970268,0.03796701328896837
64,sub_09,0.060023051140913476,0.04221186795955432
64,sub_10,0.15042251464909376,0.036185237059008966
64,sub_11,-0.005286530928168703,0.04656584009749314
64,sub_12,0.1530695623952562,0.03600876720926481
64,sub_13,0.17778968453738947,0.03436075906645592
64,sub_14,0.12685264076477662,0.03775656198463012
64,sub_15,-0.04505953548122427,0.04921737373436351
64,sub_16,-0.05852888620233744,0.050115330449104385
64,sub_17,0.07780836455531497,0.04102618039859422
64,sub_18,-0.0737562381027762,0.05113048724246696
64,sub_19,-0.19151942190424073,0.05898136616256461
64,sub_20,0.19341344094973575,0.03331917530563284
64,sub_21,-0.1708668549970738,0.057604528368753474
64,sub_22,0.17743955724263558,0.03438410088610618
64,sub_23,0.015214727450302879,0.045199089538928365
64,sub_24,-0.07278721670250178,0.051065885815782
64,sub_25,0.17788890347902808,0.034354144470346674
64,sub_26,0.0007519716135258968,0.04616327326138016
64,sub_27,-0.08250320569199425,0.0517136184150815
64,sub_28,0.18755777559390302,0.03370955299602168
64,sub_29,0.14182127446252638,0.0367586530714468
64,sub_30,0.1448632504741361,0.03655585467067282
64,sub_31,-0.030311079498822783,0.04823414333553673
64,sub_32,0.1304147492633459,0.03751908808472548
65,sub_01,0.2739193714259138,0.16263533867621857
65,sub_02,0.1016480081541978,0.17412009622766628
65,sub_03,-0.13543237713391237,0.1899254552468736
65,sub_04,0.354297671191605,0.15727678535850578
65,sub_05,0.17715293490019876,0.16908643444459956
65,sub_06,0.11904625040162577,0.1729602134111711
65,sub_07,0.11969897599202034,0.17291669837181145
65,sub_08,0.27542267914348434,0.16253511816171382
65,sub_09,0.22703188340250963,0.16576117121111217
65,sub_10,0.18655109350574858,0.16845989053756288
65,sub_11,0.27736698957411116,0.16240549746633873
65,sub_12,0.2639220890790922,0.16330182416600666
65,sub_13,0.10108610047945223,0.17415755673931602
65,sub_14,0.22509310307539443,0.16589042323291983
65,sub_15,0.3239230388905635,0.1593017608452419
65,sub_16,0.1816192182879205,0.16878868221875143
65,sub_17,0.0846551908656072,0.17525295071357233
65,sub_18,0.18612087554037374,0.16848857173525458
65,sub_19,0.11885641013341593,0.17297286942905174
65,sub_20,0.24145838213214935,0.16479940462913617
65,sub_21,0.22843354413264452,0.1656677271624365
65,sub_22,-0.13250208298088403,0.1897301023033384
65,sub_23,0.16059197433126576,0.1701904984825284
65,sub_24,-0.02916560256660175,0.1828410036090529
65,sub_25,0.018024723111179936,0.17969498189720082
65,sub_26,0.23719727140724375,0.16508347867746323
65,sub_27,0.3105116692417732,0.16019585215516127
65,sub_28,-0.09005653904287665,0.1869003993741379
65,sub_29,0.33719992820498296,0.1584166348909473
65,sub_30,0.18740252281403533,0.16840312858367715
65,sub_31,0.17635636103454888,0.16913953936897622
65,sub_32,0.3194672444096003,0.15959881381063945
66,sub_01,0.16475585534135456,0.16172980564673836
66,sub_02,0.2299627331253969,0.15738268046113552
66,sub_03,-0.1903271374008381,0.18540200516288452
66,sub_04,0.33871564310087776,0.15013248646277014
66,sub_05,0.27559257433017215,0.15434069104748385
66,sub_06,0.32384740843518195,0.15112370210714984
66,sub_07,0.12068964726327454,0.16466755285194365
66,sub_08,0.03595019406709246,0.17031684973168915
66,sub_09,0.3350997846289919,0.1503735436942292
66,sub_10,0.2769120761063866,0.15425272426240286
66,sub_11,0.14350602271395635,0.16314646115523154
66,sub_12,0.09963148089030784,0.16607143061014148
66,sub_13,-0.1562047252298298,0.18312717768481732
66,sub_14,0.08580071644356181,0.16699348157325786
66,sub_15,0.35583975134008156,0.1489908792468232
66,sub_16,0.2432719854228183,0.15649539697464077
66,sub_17,0.09077109238429362,0.16666212317720905
66,sub_18,0.07462578547437018,0.16773847697120398
66,sub_19,0.0365931331330247,0.17027398712729366
66,sub_20,-0.05401345736251324,0.17631442649366288
66,sub_21,0.22811816669549234,0.1575056515564625
66,sub_22,0.18106708925168538,0.16064239005271627
66,sub_23,0.09207035545176728,0.1665755056393775
66,sub_24,0.27067087525442335,0.15466880431920044
66,sub_25,0.1668091674690694,0.16159291817155735
66,sub_26,0.27005605120486514,0.15470979258917097
66,sub_27,0.32366442273780754,0.15113590115364148
66,sub_28,-0.1257287047754987,0.1810954429878619
66,sub_29,0.22970753816713688,0.15739969345835286
66,sub_30,0.1473678654191081,0.16288900497488812
66,sub_31,0.17341496880574372,0.16115253141577907
66,sub_32,0.39316752019529694,0.14650236132314218
